date,total_volume_usd
2016-04-19,607.0
2016-04-20,1728.0
2016-04-21,3049.0
2016-04-22,1464.0
2016-04-23,1242.0
2016-04-24,690.0
2016-04-25,5.0
2016-04-26,1090.0
2016-04-27,762.0
2016-04-28,544.0
2016-04-29,1715.0
2016-04-30,833.0
2016-05-01,1615.0
2016-05-02,1613.0
2016-05-03,1733.0
2016-05-04,957.0
2016-05-05,857.0
2016-05-06,2225.0
2016-05-07,230.0
2016-05-08,675.0
2016-05-10,1544.0
2016-05-12,682.0
2016-05-14,1139.0
2016-05-15,847.0
2016-05-16,1174.0
2016-05-17,1041.0
2016-05-18,2367.0
2016-05-19,1192.0
2016-05-20,221.0
2016-05-21,992.0
2016-05-22,1549.0
2016-05-23,1192.0
2016-05-24,223.0
2016-05-25,2872.0
2016-05-26,3687.0
2016-05-27,1262.0
2016-05-28,2035.0
2016-05-29,1102.0
2016-05-30,321.0
2016-05-31,800.0
2016-06-01,895.0
2016-06-02,1115.0
2016-06-03,3537.0
2016-06-04,1462.0
2016-06-05,1881.0
2016-06-06,1018.0
2016-06-07,756.0
2016-06-08,350.0
2016-06-09,1097.0
2016-06-10,1248.0
2016-06-11,1937.0
2016-06-12,1078.0
2016-06-13,1162.0
2016-06-14,130.0
2016-06-15,1976.0
2016-06-16,268.0
2016-06-17,1075.0
2016-06-18,2762.0
2016-06-20,1542.0
2016-06-21,1530.0
2016-06-22,1893.0
2016-06-23,2337.0
2016-06-24,132.0
2016-06-25,1965.0
2016-06-26,315.0
2016-06-28,809.0
2016-06-29,159.0
2016-06-30,504.0
2016-07-01,1186.0
2016-07-02,69.0
2016-07-03,1868.0
2016-07-04,749.0
2016-07-05,694.0
2016-07-06,1055.0
2016-07-07,607.0
2016-07-08,186.0
2016-07-09,981.0
2016-07-10,774.0
2016-07-11,649.0
2016-07-12,1476.0
2016-07-13,99.0
2016-07-14,1154.0
2016-07-15,1358.0
2016-07-16,1659.0
2016-07-17,2795.0
2016-07-18,472.0
2016-07-19,843.0
2016-07-20,735.0
2016-07-21,1218.0
2016-07-22,2474.0
2016-07-23,675.0
2016-07-24,1090.0
2016-07-25,296.0
2016-07-26,1010.0
2016-07-27,1652.0
2016-07-28,820.0
2016-07-29,62.0
2016-07-30,2750.0
2016-07-31,1957.0
2016-08-01,3230.0
2016-08-02,1647.0
2016-08-03,3467.0
2016-08-04,1061.0
2016-08-05,939.0
2016-08-06,1446.0
2016-08-07,640.0
2016-08-08,4430.0
2016-08-09,3900.0
2016-08-10,4193.0
2016-08-11,17045.0
2016-08-12,4144.0
2016-08-13,3050.0
2016-08-14,3873.0
2016-08-15,1987.0
2016-08-16,4909.0
2016-08-17,3660.0
2016-08-18,5731.0
2016-08-19,1720.0
2016-08-20,2750.0
2016-08-21,3640.0
2016-08-22,10876.0
2016-08-23,6859.0
2016-08-24,549.0
2016-08-25,1556.0
2016-08-26,7828.0
2016-08-27,4118.0
2016-08-28,19815.0
2016-08-29,8879.0
2016-08-30,5615.0
2016-08-31,5012.0
2016-09-01,8574.0
2016-09-02,2496.0
2016-09-03,8142.0
2016-09-04,2770.0
2016-09-05,4439.0
2016-09-06,2974.0
2016-09-07,1757.0
2016-09-08,2452.0
2016-09-09,1866.0
2016-09-10,1011.0
2016-09-11,617.0
2016-09-12,2060.0
2016-09-13,2160.0
2016-09-14,669.0
2016-09-15,2779.0
2016-09-16,1231.0
2016-09-17,4793.0
2016-09-18,1193.0
2016-09-19,1887.0
2016-09-20,2006.0
2016-09-21,2353.0
2016-09-22,1339.0
2016-09-23,1204.0
2016-09-24,1714.0
2016-09-25,619.0
2016-09-26,2297.0
2016-09-27,1628.0
2016-09-28,1630.0
2016-09-29,2358.0
2016-09-30,1998.0
2016-10-01,1197.0
2016-10-02,1918.0
2016-10-03,2754.0
2016-10-04,1889.0
2016-10-05,1896.0
2016-10-06,2315.0
2016-10-07,2788.0
2016-10-08,2343.0
2016-10-09,3559.0
2016-10-10,1843.0
2016-10-11,4901.0
2016-10-12,2895.0
2016-10-13,2665.0
2016-10-14,1372.0
2016-10-15,1529.0
2016-10-16,1316.0
2016-10-17,1162.0
2016-10-18,1030.0
2016-10-19,1894.0
2016-10-20,3355.0
2016-10-21,4924.0
2016-10-22,2299.0
2016-10-23,3655.0
2016-10-24,2335.0
2016-10-25,2813.0
2016-10-26,1549.0
2016-10-27,5749.0
2016-10-28,2613.0
2016-10-29,4503.0
2016-10-30,2052.0
2016-10-31,5721.0
2016-11-01,6089.0
2016-11-02,5972.0
2016-11-03,3736.0
2016-11-04,5470.0
2016-11-05,1690.0
2016-11-06,2525.0
2016-11-07,11836.0
2016-11-08,5629.0
2016-11-09,3720.0
2016-11-10,2004.0
2016-11-11,9268.0
2016-11-12,3808.0
2016-11-13,3235.0
2016-11-14,1976.0
2016-11-15,4270.0
2016-11-16,2393.0
2016-11-17,4818.0
2016-11-18,4229.0
2016-11-19,6167.0
2016-11-20,3788.0
2016-11-21,3797.0
2016-11-22,4874.0
2016-11-23,3607.0
2016-11-24,2616.0
2016-11-25,1724.0
2016-11-26,3491.0
2016-11-27,5829.0
2016-11-28,4095.0
2016-11-29,4030.0
2016-11-30,6644.0
2016-12-01,5564.0
2016-12-02,5969.0
2016-12-03,4957.0
2016-12-04,3223.0
2016-12-05,4751.0
2016-12-06,3001.0
2016-12-07,4622.0
2016-12-08,4835.0
2016-12-09,7036.0
2016-12-10,4805.0
2016-12-11,3138.0
2016-12-12,5481.0
2016-12-13,4560.0
2016-12-14,4919.0
2016-12-15,4207.0
2016-12-16,4174.0
2016-12-17,5618.0
2016-12-18,2958.0
2016-12-19,6145.0
2016-12-20,3971.0
2016-12-21,4987.0
2016-12-22,8771.0
2016-12-23,7606.0
2016-12-24,4168.0
2016-12-25,1529.0
2016-12-26,771.0
2016-12-27,9003.0
2016-12-28,10309.0
2016-12-29,2281.0
2016-12-30,3262.0
2016-12-31,3156.0
2017-01-01,4656.0
2017-01-02,8928.0
2017-01-03,10963.0
2017-01-04,16896.0
2017-01-05,11257.0
2017-01-06,15155.0
2017-01-07,8731.0
2017-01-08,6510.0
2017-01-09,7143.0
2017-01-10,6647.0
2017-01-11,10199.0
2017-01-12,3597.0
2017-01-13,11126.0
2017-01-14,5520.0
2017-01-15,9884.0
2017-01-16,9178.0
2017-01-17,10515.0
2017-01-18,8310.0
2017-01-19,7474.0
2017-01-20,2977.0
2017-01-21,3827.0
2017-01-22,4749.0
2017-01-23,3042.0
2017-01-24,1862.0
2017-01-25,2600.0
2017-01-26,5157.0
2017-01-27,6969.0
2017-01-28,2999.0
2017-01-29,4837.0
2017-01-30,1725.0
2017-01-31,8604.0
2017-02-01,6541.0
2017-02-02,2409.0
2017-02-03,7062.0
2017-02-04,5809.0
2017-02-05,3847.0
2017-02-06,7838.0
2017-02-07,4185.0
2017-02-08,5191.0
2017-02-09,1511.0
2017-02-10,6730.0
2017-02-11,5162.0
2017-02-12,2243.0
2017-02-13,1544.0
2017-02-14,5951.0
2017-02-15,6793.0
2017-02-16,6512.0
2017-02-17,8326.0
2017-02-18,4446.0
2017-02-19,1928.0
2017-02-20,4391.0
2017-02-21,6129.0
2017-02-22,3145.0
2017-02-23,5228.0
2017-02-24,5073.0
2017-02-25,9245.0
2017-02-26,3769.0
2017-02-27,4594.0
2017-02-28,7416.0
2017-03-01,9275.0
2017-03-02,15147.0
2017-03-03,7518.0
2017-03-04,4852.0
2017-03-05,3140.0
2017-03-06,8250.0
2017-03-07,5137.0
2017-03-08,4771.0
2017-03-09,4729.0
2017-03-10,6193.0
2017-03-11,2754.0
2017-03-12,12402.0
2017-03-13,6341.0
2017-03-14,12939.0
2017-03-15,4460.0
2017-03-16,11716.0
2017-03-17,7320.0
2017-03-18,5855.0
2017-03-19,8328.0
2017-03-20,3441.0
2017-03-21,6390.0
2017-03-22,4045.0
2017-03-23,2573.0
2017-03-24,4898.0
2017-03-25,9267.0
2017-03-26,4057.0
2017-03-27,5317.0
2017-03-28,2616.0
2017-03-29,5131.0
2017-03-30,5168.0
2017-03-31,2307.0
2017-04-01,5085.0
2017-04-02,4480.0
2017-04-03,5733.0
2017-04-04,3171.0
2017-04-05,5662.0
2017-04-06,5159.0
2017-04-07,5493.0
2017-04-08,1726.0
2017-04-09,5867.0
2017-04-10,10105.0
2017-04-11,5029.0
2017-04-12,7050.0
2017-04-13,4400.0
2017-04-14,2132.0
2017-04-15,5173.0
2017-04-16,5469.0
2017-04-17,10123.0
2017-04-18,7041.0
2017-04-19,7987.0
2017-04-20,6073.0
2017-04-21,12236.0
2017-04-22,4999.0
2017-04-23,7805.0
2017-04-24,17436.0
2017-04-25,14520.0
2017-04-26,16019.0
2017-04-27,18440.0
2017-04-28,5945.0
2017-04-29,10004.0
2017-04-30,19380.0
2017-05-01,17764.0
2017-05-02,10782.0
2017-05-03,12678.0
2017-05-04,16516.0
2017-05-05,9945.0
2017-05-06,6793.0
2017-05-07,5842.0
2017-05-08,28192.0
2017-05-09,25820.0
2017-05-10,14908.0
2017-05-11,26144.0
2017-05-12,13436.0
2017-05-13,9552.0
2017-05-14,4404.0
2017-05-15,1045.0
2017-05-16,9479.0
2017-05-17,2752.0
2017-05-18,4129.0
2017-05-19,10216.0
2017-05-20,8174.0
2017-05-21,20217.0
2017-05-22,12804.0
2017-05-23,14261.0
2017-05-24,26988.0
2017-05-25,29263.0
2017-05-26,16922.0
2017-05-27,11997.0
2017-05-28,10163.0
2017-05-29,7293.0
2017-05-30,7437.0
2017-05-31,15823.0
2017-06-01,31839.0
2017-06-02,25179.0
2017-06-03,39420.0
2017-06-04,29072.0
2017-06-05,23596.0
2017-06-07,44217.0
2017-06-09,53383.0
2017-06-10,46764.0
2017-06-11,11713.0
2017-06-12,23252.0
2017-06-13,33593.0
2017-06-14,29280.0
2017-06-15,4498.0
2017-06-16,7818.0
2017-06-17,14352.0
2017-06-18,12776.0
2017-06-19,1907.0
2017-06-20,39709.0
2017-06-21,24861.0
2017-06-22,14578.0
2017-06-23,16640.0
2017-06-24,99132.0
2017-06-25,8887.0
2017-06-26,10930.0
2017-06-27,7862.0
2017-06-28,9276.0
2017-06-29,769.0
2017-06-30,5680.0
2017-07-01,7915.0
2017-07-02,655.0
2017-07-03,4023.0
2017-07-04,3603.0
2017-07-05,4538.0
2017-07-06,1131.0
2017-07-07,1255.0
2017-07-08,4904.0
2017-07-09,1872.0
2017-07-10,2174.0
2017-07-11,9108.0
2017-07-12,15835.0
2017-07-13,1966.0
2017-07-14,5093.0
2017-07-15,4199.0
2017-07-16,4291.0
2017-07-17,8056.0
2017-07-18,7188.0
2017-07-19,4695.0
2017-07-20,10799.0
2017-07-21,10609.0
2017-07-22,4762.0
2017-07-23,2652.0
2017-07-24,16673.0
2017-07-25,8891.0
2017-07-26,627.0
2017-07-27,5219.0
2017-07-28,7738.0
2017-07-29,6776.0
2017-07-30,39662.0
2017-07-31,5592.0
2017-08-01,2909.0
2017-08-02,1241.0
2017-08-03,6455.0
2017-08-04,12052.0
2017-08-05,15765.0
2017-08-06,7177.0
2017-08-07,3115.0
2017-08-08,10590.0
2017-08-09,11935.0
2017-08-10,14920.0
2017-08-11,13634.0
2017-08-12,16770.0
2017-08-13,12903.0
2017-08-14,15158.0
2017-08-15,28173.0
2017-08-16,19704.0
2017-08-17,36774.0
2017-08-18,18493.0
2017-08-19,18284.0
2017-08-20,19522.0
2017-08-21,48222.0
2017-08-22,36517.0
2017-08-23,18148.0
2017-08-24,15894.0
2017-08-25,9240.0
2017-08-26,4124.0
2017-08-27,7961.0
2017-08-28,28226.0
2017-08-29,14573.0
2017-08-30,45485.0
2017-08-31,20011.0
2017-09-01,30667.0
2017-09-02,27394.0
2017-09-03,12719.0
2017-09-04,17647.0
2017-09-05,12213.0
2017-09-06,8362.0
2017-09-07,6648.0
2017-09-08,7379.0
2017-09-09,3878.0
2017-09-10,18969.0
2017-09-11,7080.0
2017-09-12,6080.0
2017-09-13,10292.0
2017-09-14,5117.0
2017-09-15,11718.0
2017-09-16,18104.0
2017-09-17,7453.0
2017-09-18,17979.0
2017-09-19,15997.0
2017-09-20,3781.0
2017-09-21,7768.0
2017-09-22,7262.0
2017-09-23,5382.0
2017-09-24,11384.0
2017-09-25,20262.0
2017-09-26,38908.0
2017-09-27,42855.0
2017-09-28,14575.0
2017-09-29,22823.0
2017-09-30,16675.0
2017-10-01,13236.0
2017-10-02,16578.0
2017-10-03,5522.0
2017-10-04,9483.0
2017-10-05,2332.0
2017-10-06,18899.0
2017-10-07,21876.0
2017-10-08,5931.0
2017-10-09,5559.0
2017-10-10,9865.0
2017-10-11,21579.0
2017-10-12,16301.0
2017-10-13,13315.0
2017-10-14,9530.0
2017-10-15,18064.0
2017-10-16,10427.0
2017-10-17,9005.0
2017-10-18,20288.0
2017-10-19,4772.0
2017-10-20,8811.0
2017-10-21,23136.0
2017-10-22,18593.0
2017-10-23,10728.0
2017-10-24,4679.0
2017-10-25,15814.0
2017-10-26,8766.0
2017-10-27,15100.0
2017-10-28,201.0
2017-10-29,12434.0
2017-10-30,10683.0
2017-10-31,36724.0
2017-11-01,15265.0
2017-11-02,47024.0
2017-11-03,11317.0
2017-11-04,10699.0
2017-11-05,7416.0
2017-11-06,23942.0
2017-11-07,17401.0
2017-11-08,21289.0
2017-11-09,4887.0
2017-11-10,18273.0
2017-11-11,2864.0
2017-11-12,10384.0
2017-11-13,8671.0
2017-11-14,9249.0
2017-11-15,27607.0
2017-11-16,17320.0
2017-11-17,5262.0
2017-11-18,6524.0
2017-11-19,19996.0
2017-11-20,16926.0
2017-11-21,11690.0
2017-11-22,21288.0
2017-11-23,13565.0
2017-11-24,16258.0
2017-11-25,21537.0
2017-11-26,36018.0
2017-11-27,34540.0
2017-11-28,18629.0
2017-11-29,36252.0
2017-11-30,22748.0
2017-12-01,22437.0
2017-12-02,27683.0
2017-12-03,31170.0
2017-12-04,25329.0
2017-12-05,42828.0
2017-12-06,77550.0
2017-12-07,165699.0
2017-12-08,49710.0
2017-12-09,46793.0
2017-12-10,37466.0
2017-12-11,18514.0
2017-12-12,40917.0
2017-12-13,245879.0
2017-12-14,328959.0
2017-12-15,92421.0
2017-12-16,529558.0
2017-12-17,564016.0
2017-12-18,340005.0
2017-12-19,45368.0
2017-12-20,58161.0
2017-12-21,46509.0
2017-12-22,115201.0
2017-12-23,19586.0
2017-12-24,7182.0
2017-12-25,7795.0
2017-12-26,20355.0
2017-12-27,43364.0
2017-12-28,29673.0
2017-12-29,27174.0
2017-12-30,11753.0
2017-12-31,11501.0
2018-01-01,19520.0
2018-01-02,26345.0
2018-01-03,64884.0
2018-01-04,50413.0
2018-01-05,63294.0
2018-01-06,39648.0
2018-01-07,97599.0
2018-01-08,74533.0
2018-01-09,65964.0
2018-01-10,59664.0
2018-01-11,51751.0
2018-01-12,38460.0
2018-01-13,41745.0
2018-01-14,31796.0
2018-01-15,66631.0
2018-01-16,36738.0
2018-01-17,50753.0
2018-01-18,44617.0
2018-01-19,22285.0
2018-01-20,22653.0
2018-01-21,73558.0
2018-01-22,27904.0
2018-01-23,36499.0
2018-01-24,24866.0
2018-01-25,14508.0
2018-01-26,26365.0
2018-01-27,30659.0
2018-01-28,11812.0
2018-01-29,17742.0
2018-01-30,33735.0
2018-01-31,17582.0
2018-02-01,24363.0
2018-02-02,44362.0
2018-02-03,23521.0
2018-02-04,24615.0
2018-02-05,67027.0
2018-02-06,46218.0
2018-02-07,27576.0
2018-02-08,11018.0
2018-02-09,22651.0
2018-02-10,22084.0
2018-02-11,13383.0
2018-02-12,17265.0
2018-02-13,8332.0
2018-02-14,11138.0
2018-02-15,11163.0
2018-02-16,29291.0
2018-02-17,13684.0
2018-02-18,7952.0
2018-02-19,21427.0
2018-02-20,14969.0
2018-02-21,12909.0
2018-02-22,35478.0
2018-02-23,20643.0
2018-02-24,19956.0
2018-02-25,15272.0
2018-02-26,11061.0
2018-02-27,33381.0
2018-02-28,24115.0
2018-03-04,71240.0
2018-03-09,25074.0
2018-03-10,10489.0
2018-03-11,14070.0
2018-03-12,13334.0
2018-03-13,14716.0
2018-03-14,13180.0
2018-03-15,23300.0
2018-03-16,15639.0
2018-03-17,36391.0
2018-03-18,42480.0
2018-03-19,13564.0
2018-03-20,12095.0
2018-03-21,30140.0
2018-03-22,19105.0
2018-03-23,5487.0
2018-03-24,8104.0
2018-03-25,22790.0
2018-03-26,16123.0
2018-03-27,38227.0
2018-03-28,7018.0
2018-03-29,15649.0
2018-03-30,38135.0
2018-03-31,18159.0
2018-04-01,27299.0
2018-04-02,16903.0
2018-04-03,8695.0
2018-04-04,20223.0
2018-04-05,20344.0
2018-04-06,45876.0
2018-04-07,16649.0
2018-04-08,4286.0
2018-04-09,28365.0
2018-04-10,5907.0
2018-04-11,4767.0
2018-04-12,11191.0
2018-04-13,9106.0
2018-04-14,4492.0
2018-04-15,7988.0
2018-04-16,12366.0
2018-04-17,12093.0
2018-04-18,9752.0
2018-04-19,13749.0
2018-04-20,20004.0
2018-04-21,26578.0
2018-04-22,20485.0
2018-04-23,18709.0
2018-04-24,33538.0
2018-04-25,29613.0
2018-04-26,12699.0
2018-04-27,13993.0
2018-04-28,16588.0
2018-04-29,41312.0
2018-04-30,23413.0
2018-05-01,13290.0
2018-05-02,24680.0
2018-05-03,22782.0
2018-05-04,34130.0
2018-05-05,23779.0
2018-05-06,13956.0
2018-05-08,16501.0
2018-05-09,30570.0
2018-05-10,35763.0
2018-05-11,27271.0
2018-05-12,12953.0
2018-05-13,8273.0
2018-05-14,13003.0
2018-05-15,18938.0
2018-05-16,8541.0
2018-05-17,11952.0
2018-05-18,19503.0
2018-05-19,10019.0
2018-05-20,9495.0
2018-05-21,19791.0
2018-05-22,29679.0
2018-05-23,23836.0
2018-05-24,38410.0
2018-05-25,10328.0
2018-05-26,10506.0
2018-05-27,10958.0
2018-05-28,15475.0
2018-05-29,7364.0
2018-05-30,18717.0
2018-05-31,19913.0
2018-06-01,13995.0
2018-06-02,16846.0
2018-06-03,12586.0
2018-06-04,37790.0
2018-06-05,41239.0
2018-06-06,24773.0
2018-06-07,14730.0
2018-06-08,19019.0
2018-06-09,11956.0
2018-06-10,21392.0
2018-06-11,25505.0
2018-06-12,12175.0
2018-06-13,27161.0
2018-06-14,20018.0
2018-06-15,14626.0
2018-06-16,7704.0
2018-06-17,13097.0
2018-06-18,21016.0
2018-06-19,26151.0
2018-06-20,20300.0
2018-06-21,28975.0
2018-06-22,50945.0
2018-06-23,24003.0
2018-06-24,33257.0
2018-06-25,33483.0
2018-06-26,13661.0
2018-06-27,36319.0
2018-06-28,23108.0
2018-06-29,12004.0
2018-06-30,14434.0
2018-07-01,11249.0
2018-07-02,13353.0
2018-07-03,18945.0
2018-07-04,7594.0
2018-07-05,11539.0
2018-07-06,14876.0
2018-07-07,10136.0
2018-07-08,7697.0
2018-07-09,12002.0
2018-07-10,17723.0
2018-07-11,12258.0
2018-07-12,13170.0
2018-07-13,7214.0
2018-07-14,5319.0
2018-07-15,3805.0
2018-07-16,6104.0
2018-07-17,13762.0
2018-07-18,13108.0
2018-07-19,18154.0
2018-07-20,13453.0
2018-07-21,26100.0
2018-07-22,11559.0
2018-07-23,19287.0
2018-07-24,29914.0
2018-07-25,9570.0
2018-07-26,12149.0
2018-07-27,28624.0
2018-07-28,21565.0
2018-07-29,18507.0
2018-07-30,79304.0
2018-07-31,14469.0
2018-08-01,30610.0
2018-08-02,96849.0
2018-08-03,81713.0
2018-08-04,106736.0
2018-08-05,97106.0
2018-08-06,202923.0
2018-08-07,183142.0
2018-08-08,244469.0
2018-08-09,110727.0
2018-08-10,81073.0
2018-08-11,128222.0
2018-08-12,112880.0
2018-08-13,142383.0
2018-08-14,148293.0
2018-08-15,73140.0
2018-08-16,10513.0
2018-08-17,4685.0
2018-08-18,12955.0
2018-08-19,4442.0
2018-08-20,13280.0
2018-08-21,14336.0
2018-08-22,18565.0
2018-08-23,94531.0
2018-08-24,90884.0
2018-08-25,47465.0
2018-08-26,69460.0
2018-08-27,34623.0
2018-08-28,28192.0
2018-08-29,94076.0
2018-08-30,9478.0
2018-08-31,16430.0
2018-09-01,14180.0
2018-09-02,23804.0
2018-09-03,15752.0
2018-09-04,8319.0
2018-09-05,13389.0
2018-09-06,22277.0
2018-09-07,7754.0
2018-09-08,12298.0
2018-09-09,25193.0
2018-09-10,216072.0
2018-09-11,327589.0
2018-09-12,128662.0
2018-09-13,17072.0
2018-09-14,12813.0
2018-09-15,19390.0
2018-09-16,20450.0
2018-09-17,18777.0
2018-09-18,12240.0
2018-09-19,23197.0
2018-09-20,335792.0
2018-09-21,163678.0
2018-09-22,8797.0
2018-09-23,16534.0
2018-09-24,29731.0
2018-09-25,14760.0
2018-09-26,23320.0
2018-09-27,50396.0
2018-09-28,164371.0
2018-09-29,169600.0
2018-09-30,185559.0
2018-10-01,229124.0
2018-10-02,193651.0
2018-10-03,175800.0
2018-10-04,177846.0
2018-10-05,172050.0
2018-10-06,206161.0
2018-10-07,90942.0
2018-10-08,64579.0
2018-10-09,41580.0
2018-10-10,60672.0
2018-10-11,44985.0
2018-10-12,4530.0
2018-10-13,3879.0
2018-10-14,180811.0
2018-10-15,345590.0
2018-10-16,246407.0
2018-10-17,271652.0
2018-10-18,225471.0
2018-10-19,162421.0
2018-10-20,122707.0
2018-10-21,419498.0
2018-10-22,489114.0
2018-10-23,235281.0
2018-10-24,54313.0
2018-10-25,339876.0
2018-10-26,237834.0
2018-10-27,443830.0
2018-10-28,716208.0
2018-10-29,625358.0
2018-10-30,433087.0
2018-10-31,197084.0
2018-11-01,52589.0
2018-11-02,119752.0
2018-11-03,102502.0
2018-11-04,58335.0
2018-11-05,40609.0
2018-11-06,60708.0
2018-11-07,48914.0
2018-11-08,101833.0
2018-11-09,52908.0
2018-11-10,147651.0
2018-11-11,246900.0
2018-11-12,95440.0
2018-11-13,167127.0
2018-11-14,456423.0
2018-11-15,573369.0
2018-11-16,246899.0
2018-11-17,306890.0
2018-11-18,151827.0
2018-11-19,551600.0
2018-11-20,274187.0
2018-11-21,459622.0
2018-11-22,186257.0
2018-11-23,278451.0
2018-11-24,103145.0
2018-11-25,732862.0
2018-11-26,493233.0
2018-11-27,327202.0
2018-11-28,84816.0
2018-11-29,168570.0
2018-11-30,209144.0
2018-12-01,378845.0
2018-12-02,310544.0
2018-12-03,181547.0
2018-12-04,117342.0
2018-12-05,211328.0
2018-12-06,404165.0
2018-12-07,310871.0
2018-12-08,125548.0
2018-12-09,186755.0
2018-12-10,400216.0
2018-12-11,301345.0
2018-12-12,75837.0
2018-12-13,40736.0
2018-12-14,163445.0
2018-12-15,136584.0
2018-12-16,152840.0
2018-12-17,162086.0
2018-12-18,273582.0
2018-12-19,279169.0
2018-12-20,170715.0
2018-12-21,122327.0
2018-12-22,116530.0
2018-12-23,53950.0
2018-12-24,301243.0
2018-12-25,251879.0
2018-12-26,311771.0
2018-12-27,377730.0
2018-12-28,144168.0
2018-12-29,160512.0
2018-12-30,160231.0
2018-12-31,202218.0
2019-01-01,214977.0
2019-01-02,219983.0
2019-01-03,190282.0
2019-01-04,98453.0
2019-01-05,171291.0
2019-01-06,89859.0
2019-01-07,107019.0
2019-01-08,50193.0
2019-01-09,107456.0
2019-01-10,261428.0
2019-01-11,114702.0
2019-01-12,303696.0
2019-01-13,331556.0
2019-01-14,121432.0
2019-01-15,103208.0
2019-01-16,100200.0
2019-01-17,96425.0
2019-01-18,213102.0
2019-01-19,120225.0
2019-01-20,174455.0
2019-01-21,229577.0
2019-01-22,127325.0
2019-01-23,73048.0
2019-01-24,118191.0
2019-01-25,62834.0
2019-01-26,107820.0
2019-01-27,94253.0
2019-01-28,108880.0
2019-01-29,77613.0
2019-01-30,73208.0
2019-01-31,145711.0
2019-02-01,101007.0
2019-02-02,93016.0
2019-02-03,102412.0
2019-02-04,134271.0
2019-02-05,124067.0
2019-02-06,204079.0
2019-02-07,156712.0
2019-02-08,348230.0
2019-02-09,244796.0
2019-02-10,219790.0
2019-02-11,413487.0
2019-02-12,686110.0
2019-02-13,696589.0
2019-02-14,646999.0
2019-02-15,779828.0
2019-02-16,366775.0
2019-02-17,532807.0
2019-02-18,530215.0
2019-02-19,907325.0
2019-02-20,610006.0
2019-02-21,526633.0
2019-02-22,776092.0
2019-02-23,1131898.0
2019-02-24,1713475.0
2019-02-25,874085.0
2019-02-26,683056.0
2019-02-27,1247016.0
2019-02-28,447499.0
2019-03-01,786801.0
2019-03-02,587070.0
2019-03-03,504856.0
2019-03-04,1215781.0
2019-03-05,856238.0
2019-03-06,597052.0
2019-03-07,629459.0
2019-03-08,594072.0
2019-03-09,1087647.0
2019-03-10,264337.0
2019-03-11,456944.0
2019-03-12,454232.0
2019-03-13,418243.0
2019-03-14,374835.0
2019-03-15,388935.0
2019-03-16,823756.0
2019-03-17,490219.0
2019-03-18,520841.0
2019-03-19,360322.0
2019-03-20,509150.0
2019-03-21,756827.0
2019-03-22,488648.0
2019-03-23,393429.0
2019-03-24,484837.0
2019-03-25,625317.0
2019-03-26,870387.0
2019-03-27,498667.0
2019-03-28,866427.0
2019-03-29,572791.0
2019-03-30,461699.0
2019-03-31,425778.0
2019-04-01,501783.0
2019-04-02,1280097.0
2019-04-03,2450287.0
2019-04-04,972364.0
2019-04-05,575242.0
2019-04-06,675453.0
2019-04-07,660155.0
2019-04-08,2533942.0
2019-04-09,2433781.0
2019-04-10,1862712.0
2019-04-11,1694082.0
2019-04-12,1247549.0
2019-04-13,621080.0
2019-04-14,1259402.0
2019-04-15,1684554.0
2019-04-16,1643941.0
2019-04-17,1703310.0
2019-04-18,1546014.0
2019-04-19,1157938.0
2019-04-20,629285.0
2019-04-21,1235994.0
2019-04-22,1063482.0
2019-04-23,1606073.0
2019-04-24,1983924.0
2019-04-25,3300219.0
2019-04-26,2625291.0
2019-04-27,996599.0
2019-04-28,663319.0
2019-04-29,870518.0
2019-04-30,1107652.0
2019-05-01,577042.0
2019-05-02,481815.0
2019-05-03,911935.0
2019-05-04,512532.0
2019-05-05,662408.0
2019-05-06,1222498.0
2019-05-07,1423873.0
2019-05-08,1325716.0
2019-05-09,980536.0
2019-05-10,1107860.0
2019-05-11,2733453.0
2019-05-12,2067458.0
2019-05-13,1900074.0
2019-05-14,2608506.0
2019-05-15,5265210.0
2019-05-16,6311258.0
2019-05-17,2314153.0
2019-05-18,997551.0
2019-05-19,1586918.0
2019-05-20,1474192.0
2019-05-21,1430106.0
2019-05-22,1826995.0
2019-05-23,1819508.0
2019-05-24,2075834.0
2019-05-25,1415155.0
2019-05-26,1415788.0
2019-05-27,1260154.0
2019-05-28,1173395.0
2019-05-29,1881017.0
2019-05-30,2608687.0
2019-05-31,1095489.0
2019-06-01,1361803.0
2019-06-02,1751368.0
2019-06-03,1633401.0
2019-06-04,3379527.0
2019-06-05,1564146.0
2019-06-06,1438478.0
2019-06-07,1574826.0
2019-06-08,505951.0
2019-06-09,675767.0
2019-06-10,1954949.0
2019-06-11,853661.0
2019-06-12,1310330.0
2019-06-13,1413070.0
2019-06-14,2358390.0
2019-06-15,1965452.0
2019-06-16,2977143.0
2019-06-17,1871478.0
2019-06-18,2450705.0
2019-06-19,1026579.0
2019-06-20,1076851.0
2019-06-21,3058388.0
2019-06-22,4380608.0
2019-06-23,2607516.0
2019-06-24,1786463.0
2019-06-25,3739846.0
2019-06-26,6204280.0
2019-06-27,6450636.0
2019-06-28,3538538.0
2019-06-29,3452564.0
2019-06-30,2354151.0
2019-07-01,2015093.0
2019-07-02,2357188.0
2019-07-03,3488311.0
2019-07-04,2066279.0
2019-07-05,1992423.0
2019-07-06,1663168.0
2019-07-07,898133.0
2019-07-08,1185004.0
2019-07-09,3676969.0
2019-07-10,3046860.0
2019-07-11,2166376.0
2019-07-12,1245670.0
2019-07-13,1434293.0
2019-07-14,3393238.0
2019-07-15,4428622.0
2019-07-16,3365392.0
2019-07-17,2418015.0
2019-07-18,1565544.0
2019-07-19,1625883.0
2019-07-20,1575786.0
2019-07-21,691246.0
2019-07-22,1579771.0
2019-07-23,1638746.0
2019-07-24,1192259.0
2019-07-25,1285728.0
2019-07-26,1995164.0
2019-07-27,1124084.0
2019-07-28,704245.0
2019-07-29,944986.0
2019-07-30,1292424.0
2019-07-31,2221226.0
2019-08-01,2124040.0
2019-08-02,2231321.0
2019-08-03,1110724.0
2019-08-04,1034530.0
2019-08-05,3028689.0
2019-08-06,2557535.0
2019-08-07,3075218.0
2019-08-08,899912.0
2019-08-09,2374218.0
2019-08-10,683302.0
2019-08-11,581604.0
2019-08-12,1731936.0
2019-08-13,845145.0
2019-08-14,2327592.0
2019-08-15,3130416.0
2019-08-16,1983234.0
2019-08-17,469682.0
2019-08-18,3338038.0
2019-08-19,1069683.0
2019-08-20,2101013.0
2019-08-21,1649542.0
2019-08-22,2213085.0
2019-08-23,2203922.0
2019-08-24,1409450.0
2019-08-25,2144326.0
2019-08-26,1317177.0
2019-08-27,1054547.0
2019-08-28,2117696.0
2019-08-29,1297153.0
2019-08-30,639932.0
2019-08-31,355871.0
2019-09-01,726083.0
2019-09-02,685888.0
2019-09-03,705857.0
2019-09-04,1271413.0
2019-09-05,3518053.0
2019-09-06,2037887.0
2019-09-07,1705882.0
2019-09-08,768034.0
2019-09-09,894011.0
2019-09-10,734387.0
2019-09-11,757326.0
2019-09-12,470681.0
2019-09-13,707277.0
2019-09-14,717859.0
2019-09-15,523640.0
2019-09-16,1374310.0
2019-09-17,1904032.0
2019-09-18,1717264.0
2019-09-19,1081930.0
2019-09-20,783079.0
2019-09-21,475314.0
2019-09-22,473920.0
2019-09-23,1441353.0
2019-09-24,4035301.0
2019-09-25,1499484.0
2019-09-26,1575803.0
2019-09-27,926050.0
2019-09-28,907816.0
2019-09-29,492568.0
2019-09-30,852053.0
2019-10-01,774662.0
2019-10-02,536493.0
2019-10-03,610103.0
2019-10-04,982479.0
2019-10-05,508359.0
2019-10-06,480818.0
2019-10-07,1021140.0
2019-10-08,613927.0
2019-10-09,1698745.0
2019-10-10,1257805.0
2019-10-11,943503.0
2019-10-12,637271.0
2019-10-13,593976.0
2019-10-14,1160122.0
2019-10-15,1118993.0
2019-10-16,1451076.0
2019-10-17,1283127.0
2019-10-18,1315863.0
2019-10-19,525626.0
2019-10-20,564439.0
2019-10-21,915997.0
2019-10-22,750288.0
2019-10-23,1708015.0
2019-10-24,698219.0
2019-10-25,1892501.0
2019-10-26,2687219.0
2019-10-27,1021460.0
2019-10-28,1312697.0
2019-10-29,955277.0
2019-10-30,720086.0
2019-10-31,1133583.0
2019-11-01,1158770.0
2019-11-02,443854.0
2019-11-03,551779.0
2019-11-04,650964.0
2019-11-05,751499.0
2019-11-06,1033281.0
2019-11-07,1689215.0
2019-11-08,1176546.0
2019-11-09,1191368.0
2019-11-10,1064710.0
2019-11-11,1537951.0
2019-11-12,999808.0
2019-11-13,1094673.0
2019-11-14,1353476.0
2019-11-15,1639975.0
2019-11-16,514429.0
2019-11-17,1003564.0
2019-11-18,1133269.0
2019-11-19,2652192.0
2019-11-20,2370006.0
2019-11-21,3627540.0
2019-11-22,8137945.0
2019-11-23,2196847.0
2019-11-24,3019173.0
2019-11-25,5660307.0
2019-11-26,1898337.0
2019-11-27,1932541.0
2019-11-28,1748686.0
2019-11-29,2666978.0
2019-11-30,2075279.0
2019-12-01,2283874.0
2019-12-02,3402881.0
2019-12-03,2997584.0
2019-12-04,3636134.0
2019-12-05,3686920.0
2019-12-06,1257789.0
2019-12-07,1282067.0
2019-12-08,1478565.0
2019-12-09,1188805.0
2019-12-10,1954335.0
2019-12-11,2008109.0
2019-12-12,1158391.0
2019-12-13,1041170.0
2019-12-14,1319662.0
2019-12-15,1280579.0
2019-12-16,2273945.0
2019-12-17,4552412.0
2019-12-18,2969979.0
2019-12-19,2481269.0
2019-12-20,1990631.0
2019-12-21,1286672.0
2019-12-22,1259049.0
2019-12-23,1913866.0
2019-12-24,3848562.0
2019-12-25,4810712.0
2019-12-26,1559556.0
2019-12-27,828768.0
2019-12-28,726538.0
2019-12-29,1056803.0
2019-12-30,1072865.0
2019-12-31,1090390.0
2020-01-01,1254757.0
2020-01-02,1572575.0
2020-01-03,1178609.0
2020-01-04,848360.0
2020-01-05,1075980.0
2020-01-06,3153980.0
2020-01-07,1934218.0
2020-01-08,2939025.0
2020-01-09,1902026.0
2020-01-10,1538672.0
2020-01-11,2288880.0
2020-01-12,2025252.0
2020-01-13,1656706.0
2020-01-14,3482018.0
2020-01-15,3580278.0
2020-01-16,2946489.0
2020-01-17,3405448.0
2020-01-18,2778191.0
2020-01-19,2362133.0
2020-01-20,2817262.0
2020-01-21,2237116.0
2020-01-22,2615550.0
2020-01-23,1797519.0
2020-01-24,1964428.0
2020-01-25,1157164.0
2020-01-26,976377.0
2020-01-27,1627161.0
2020-01-28,2469166.0
2020-01-29,2274474.0
2020-01-30,2199369.0
2020-01-31,1846938.0
2020-02-01,1744604.0
2020-02-02,2704236.0
2020-02-03,3810461.0
2020-02-04,2422559.0
2020-02-05,4949440.0
2020-02-06,4266975.0
2020-02-07,3818503.0
2020-02-08,3400177.0
2020-02-09,5052932.0
2020-02-10,4080216.0
2020-02-11,5022329.0
2020-02-12,8573666.0
2020-02-13,6266847.0
2020-02-14,8472489.0
2020-02-15,10258208.0
2020-02-16,6317276.0
2020-02-17,5619355.0
2020-02-18,6869494.0
2020-02-19,9069916.0
2020-02-20,4787212.0
2020-02-21,4237471.0
2020-02-22,3912502.0
2020-02-23,3000159.0
2020-02-24,4351311.0
2020-02-25,5121813.0
2020-02-26,6886425.0
2020-02-27,6743241.0
2020-02-28,5265161.0
2020-02-29,3164324.0
2020-03-01,5002446.0
2020-03-02,3841185.0
2020-03-03,4144772.0
2020-03-04,3750566.0
2020-03-05,3714285.0
2020-03-06,3419149.0
2020-03-07,4295654.0
2020-03-08,7275172.0
2020-03-09,9968286.0
2020-03-10,6505288.0
2020-03-11,6149727.0
2020-03-12,32991588.0
2020-03-13,39750110.0
2020-03-14,8259516.0
2020-03-15,11348113.0
2020-03-16,17051304.0
2020-03-17,6983771.0
2020-03-18,3918769.0
2020-03-19,6685980.0
2020-03-20,7742189.0
2020-03-21,3060816.0
2020-03-22,3432003.0
2020-03-23,3751168.0
2020-03-24,3647704.0
2020-03-25,3131821.0
2020-03-26,2532102.0
2020-03-27,2861673.0
2020-03-28,2847677.0
2020-03-29,1489237.0
2020-03-30,1990208.0
2020-03-31,1745622.0
2020-04-01,1687876.0
2020-04-02,2502668.0
2020-04-03,2172568.0
2020-04-04,1621886.0
2020-04-05,1321282.0
2020-04-06,4832491.0
2020-04-07,5310537.0
2020-04-08,2958175.0
2020-04-09,2242272.0
2020-04-10,3471701.0
2020-04-11,1609694.0
2020-04-12,1981505.0
2020-04-13,2834329.0
2020-04-14,2816949.0
2020-04-15,2565361.0
2020-04-16,7223149.0
2020-04-17,2828952.0
2020-04-18,18676017.0
2020-04-19,5334839.0
2020-04-20,6692290.0
2020-04-21,6712727.0
2020-04-22,12387879.0
2020-04-23,8394273.0
2020-04-24,7102101.0
2020-04-25,7149857.0
2020-04-26,8648814.0
2020-04-27,7822417.0
2020-04-28,6196330.0
2020-04-29,13161295.0
2020-04-30,14115704.0
2020-05-01,7597484.0
2020-05-02,8671401.0
2020-05-03,8072806.0
2020-05-04,13391642.0
2020-05-05,8945336.0
2020-05-06,8536939.0
2020-05-07,7735269.0
2020-05-08,10701427.0
2020-05-09,12448717.0
2020-05-10,16642384.0
2020-05-11,11927693.0
2020-05-12,8188738.0
2020-05-13,9250658.0
2020-05-14,7878558.0
2020-05-15,7590959.0
2020-05-16,7416890.0
2020-05-17,13914771.0
2020-05-18,11629430.0
2020-05-19,13218716.0
2020-05-20,11229733.0
2020-05-21,7521473.0
2020-05-22,6657878.0
2020-05-23,5240014.0
2020-05-24,8345833.0
2020-05-25,3688346.0
2020-05-26,8313501.0
2020-05-27,6063067.0
2020-05-28,5264022.0
2020-05-29,12453335.0
2020-05-30,6869522.0
2020-05-31,6019119.0
2020-06-01,7191987.0
2020-06-02,10831231.0
2020-06-03,6601908.0
2020-06-04,6137124.0
2020-06-05,7082732.0
2020-06-06,7591582.0
2020-06-07,8010679.0
2020-06-08,8110214.0
2020-06-09,14898422.0
2020-06-10,11366142.0
2020-06-11,16042216.0
2020-06-12,8160949.0
2020-06-13,7358711.0
2020-06-14,6575981.0
2020-06-15,14786376.0
2020-06-16,9356047.0
2020-06-17,103470603.0
2020-06-18,59313486.0
2020-06-19,62665919.0
2020-06-20,14732945.0
2020-06-21,21808055.0
2020-06-22,27736097.0
2020-06-23,22823647.0
2020-06-24,26748735.0
2020-06-25,24571065.0
2020-06-26,21654574.0
2020-06-27,22138232.0
2020-06-28,15384473.0
2020-06-29,16875573.0
2020-06-30,16050841.0
2020-07-01,22241613.0
2020-07-02,24837092.0
2020-07-03,22778075.0
2020-07-04,16903514.0
2020-07-05,15483276.0
2020-07-06,19235357.0
2020-07-07,17416758.0
2020-07-08,22244721.0
2020-07-09,23757838.0
2020-07-10,21131109.0
2020-07-11,21669147.0
2020-07-12,30518925.0
2020-07-13,49069350.0
2020-07-14,29265417.0
2020-07-15,31097140.0
2020-07-16,29604748.0
2020-07-17,44544271.0
2020-07-18,46941843.0
2020-07-19,51945506.0
2020-07-20,58979106.0
2020-07-21,58519807.0
2020-07-22,69976080.0
2020-07-23,76389569.0
2020-07-24,79673041.0
2020-07-25,106736600.0
2020-07-26,110070187.0
2020-07-27,143853698.0
2020-07-28,96877574.0
2020-07-29,111169460.0
2020-07-30,131035647.0
2020-07-31,128858248.0
2020-08-01,109630651.0
2020-08-02,96384054.0
2020-08-03,93367247.0
2020-08-04,92130615.0
2020-08-05,85807248.0
2020-08-06,89162197.0
2020-08-07,136270026.0
2020-08-08,136575305.0
2020-08-09,157961583.0
2020-08-10,246450295.0
2020-08-11,185110774.0
2020-08-12,297472015.0
2020-08-13,286635297.0
2020-08-14,222242929.0
2020-08-15,176972565.0
2020-08-16,184560529.0
2020-08-17,194691611.0
2020-08-18,246995592.0
2020-08-19,230189242.0
2020-08-20,248795459.0
2020-08-21,277455115.0
2020-08-22,185316465.0
2020-08-23,177185377.0
2020-08-24,212871660.0
2020-08-25,204123175.0
2020-08-26,219128611.0
2020-08-27,181249282.0
2020-08-28,249983341.0
2020-08-29,345413193.0
2020-08-30,555654974.0
2020-08-31,636945941.0
2020-09-01,1022514363.0
2020-09-02,1065173044.0
2020-09-03,1043791398.0
2020-09-04,997061987.0
2020-09-05,1131111392.0
2020-09-06,869969607.0
2020-09-07,611211905.0
2020-09-08,514047136.0
2020-09-09,584972489.0
2020-09-10,800514760.0
2020-09-11,614103272.0
2020-09-12,614633518.0
2020-09-13,672755606.0
2020-09-14,714185150.0
2020-09-15,675156280.0
2020-09-16,601198920.0
2020-09-17,802516256.0
2020-09-18,775016341.0
2020-09-19,643109434.0
2020-09-20,519570290.0
2020-09-21,628781449.0
2020-09-22,475186178.0
2020-09-23,489403641.0
2020-09-24,406187589.0
2020-09-25,357664661.0
2020-09-26,333426714.0
2020-09-27,424472757.0
2020-09-28,404660959.0
2020-09-29,532491813.0
2020-09-30,400207546.0
2020-10-01,499116355.0
2020-10-02,574986657.0
2020-10-03,371082265.0
2020-10-04,437875591.0
2020-10-05,365671788.0
2020-10-06,534423875.0
2020-10-07,457254699.0
2020-10-08,452966755.0
2020-10-09,386911154.0
2020-10-10,335748975.0
2020-10-11,293739050.0
2020-10-12,375012623.0
2020-10-13,306046757.0
2020-10-14,308338802.0
2020-10-15,301288021.0
2020-10-16,276125199.0
2020-10-17,206563201.0
2020-10-18,220069600.0
2020-10-19,245209575.0
2020-10-20,282862283.0
2020-10-21,383737737.0
2020-10-22,325787165.0
2020-10-23,290865329.0
2020-10-24,190639812.0
2020-10-25,212785493.0
2020-10-26,2286474466.0
2020-10-27,293569223.0
2020-10-28,484576820.0
2020-10-29,421976509.0
2020-10-30,441868682.0
2020-10-31,287069796.0
2020-11-01,233099788.0
2020-11-02,286423848.0
2020-11-03,299702209.0
2020-11-04,297874040.0
2020-11-05,382457166.0
2020-11-06,464334736.0
2020-11-07,550253784.0
2020-11-08,272361954.0
2020-11-09,316242936.0
2020-11-10,314211489.0
2020-11-11,310731639.0
2020-11-12,292201093.0
2020-11-13,331045817.0
2020-11-14,475000700.0
2020-11-15,331472122.0
2020-11-16,386288399.0
2020-11-17,525285876.0
2020-11-18,464352434.0
2020-11-19,407157960.0
2020-11-20,468379084.0
2020-11-21,582980759.0
2020-11-22,682696695.0
2020-11-23,542853979.0
2020-11-24,616123253.0
2020-11-25,493764259.0
2020-11-26,1052563252.0
2020-11-27,380082983.0
2020-11-28,272515301.0
2020-11-29,286053340.0
2020-11-30,461693295.0
2020-12-01,554177955.0
2020-12-02,436015941.0
2020-12-03,430000018.0
2020-12-04,455280501.0
2020-12-05,399495535.0
2020-12-06,493216849.0
2020-12-07,416558405.0
2020-12-08,550177728.0
2020-12-09,496067511.0
2020-12-10,431134384.0
2020-12-11,424179792.0
2020-12-12,326735343.0
2020-12-13,321957134.0
2020-12-14,350781773.0
2020-12-15,406906691.0
2020-12-16,467571862.0
2020-12-17,1157082330.0
2020-12-18,464637777.0
2020-12-19,482565186.0
2020-12-20,458740194.0
2020-12-21,601023143.0
2020-12-22,559238973.0
2020-12-23,701526221.0
2020-12-24,616081794.0
2020-12-25,508154659.0
2020-12-26,504331552.0
2020-12-27,762948349.0
2020-12-28,746998534.0
2020-12-29,795637748.0
2020-12-30,798644292.0
2020-12-31,758932705.0
2021-01-01,729286242.0
2021-01-02,852131737.0
2021-01-03,1384571334.0
2021-01-04,1760671993.0
2021-01-05,1461982394.0
2021-01-06,1413566366.0
2021-01-07,1434981885.0
2021-01-08,1638451089.0
2021-01-09,1330649256.0
2021-01-10,1392378452.0
2021-01-11,2394135397.0
2021-01-12,1271965831.0
2021-01-13,1036374027.0
2021-01-14,1107478085.0
2021-01-15,1411410420.0
2021-01-16,1270942988.0
2021-01-17,1162660881.0
2021-01-18,1147898538.0
2021-01-19,1766639071.0
2021-01-20,1354890404.0
2021-01-21,1655814123.0
2021-01-22,1522014325.0
2021-01-23,1207976067.0
2021-01-24,1373667778.0
2021-01-25,1767367543.0
2021-01-26,1559097805.0
2021-01-27,1557276114.0
2021-01-28,1347284599.0
2021-01-29,2081523972.0
2021-01-30,1501633845.0
2021-01-31,1533080403.0
2021-02-01,1715442398.0
2021-02-02,1878505524.0
2021-02-03,1695230132.0
2021-02-04,2479731339.0
2021-02-05,2168748408.0
2021-02-06,2122374530.0
2021-02-07,1860190854.0
2021-02-08,2231187471.0
2021-02-09,2288757205.0
2021-02-10,2662035028.0
2021-02-11,2027217490.0
2021-02-12,2164531307.0
2021-02-13,2053353217.0
2021-02-14,1978475218.0
2021-02-15,2620027861.0
2021-02-16,2164659443.0
2021-02-17,2702502870.0
2021-02-18,2844038379.0
2021-02-19,3951718731.0
2021-02-20,4066160809.0
2021-02-21,2811063505.0
2021-02-22,4151802330.0
2021-02-23,5372439705.0
2021-02-24,3287426902.0
2021-02-25,2603687680.0
2021-02-26,2939709695.0
2021-02-27,2082260758.0
2021-02-28,2750239944.0
2021-03-01,2500510037.0
2021-03-02,2435433867.0
2021-03-03,2132379288.0
2021-03-04,2544234196.0
2021-03-05,2408704845.0
2021-03-06,1917300798.0
2021-03-07,2437157227.0
2021-03-08,2400852174.0
2021-03-09,2766837674.0
2021-03-10,2528913521.0
2021-03-11,2523835667.0
2021-03-12,2516408356.0
2021-03-13,2439541845.0
2021-03-14,2187052350.0
2021-03-15,2514447207.0
2021-03-16,2388690284.0
2021-03-17,2466748546.0
2021-03-18,2139041070.0
2021-03-19,2165339886.0
2021-03-20,1997249446.0
2021-03-21,2220586666.0
2021-03-22,2928819005.0
2021-03-23,2598681922.0
2021-03-24,2964568963.0
2021-03-25,3090501984.0
2021-03-26,2420987467.0
2021-03-27,2372291168.0
2021-03-28,2928716406.0
2021-03-29,1341006966.0
2021-03-30,1465852402.0
2021-03-31,1604210218.0
2021-04-01,4284639209.0
2021-04-02,4600916650.0
2021-04-03,3006479495.0
2021-04-04,2635180241.0
2021-04-05,3386874133.0
2021-04-06,3982634053.0
2021-04-07,4461178741.0
2021-04-08,4016157342.0
2021-04-09,4222611167.0
2021-04-10,3294278274.0
2021-04-11,3003627055.0
2021-04-12,4540206107.0
2021-04-13,3949375549.0
2021-04-14,4091144491.0
2021-04-15,3721782981.0
2021-04-16,3897698965.0
2021-04-17,3492905975.0
2021-04-18,5732393188.0
2021-04-19,4457621135.0
2021-04-20,7022712278.0
2021-04-21,5034235718.0
2021-04-22,5438013430.0
2021-04-23,5486998296.0
2021-04-24,5190226821.0
2021-04-25,6518494105.0
2021-04-26,5205164418.0
2021-04-27,5549715648.0
2021-04-28,5105243550.0
2021-04-29,6030455110.0
2021-04-30,5388022226.0
2021-05-01,5263134543.0
2021-05-02,5291344078.0
2021-05-03,6658081837.0
2021-05-04,7330238525.0
2021-05-05,5508415371.0
2021-05-06,5889713235.0
2021-05-07,10511865346.0
2021-05-08,7905462630.0
2021-05-09,7445439716.0
2021-05-10,9646991311.0
2021-05-11,9240915243.0
2021-05-12,12015296698.0
2021-05-13,12349157411.0
2021-05-14,8450558270.0
2021-05-15,8361666115.0
2021-05-16,8538844796.0
2021-05-17,9829154069.0
2021-05-18,9487331945.0
2021-05-19,24623390446.0
2021-05-20,17303975718.0
2021-05-21,12973450643.0
2021-05-22,7470180414.0
2021-05-23,11641900113.0
2021-05-24,8812889630.0
2021-05-25,7514773929.0
2021-05-26,7277830671.0
2021-05-27,6384007488.0
2021-05-28,6474952100.0
2021-05-29,12441198506.0
2021-05-30,4381018477.0
2021-05-31,4426840905.0
2021-06-01,4541934633.0
2021-06-02,4274658521.0
2021-06-03,4486372137.0
2021-06-04,5669351495.0
2021-06-05,3970195430.0
2021-06-06,2547166643.0
2021-06-07,4131243789.0
2021-06-08,5461169434.0
2021-06-09,4727949536.0
2021-06-10,3819677467.0
2021-06-11,4103837252.0
2021-06-12,3733479430.0
2021-06-13,3463078314.0
2021-06-14,3810352894.0
2021-06-15,3679615851.0
2021-06-16,5596672454.0
2021-06-17,3883217558.0
2021-06-18,3603761497.0
2021-06-19,2584302438.0
2021-06-20,3030725163.0
2021-06-21,5782560391.0
2021-06-22,6278462812.0
2021-06-23,3638374499.0
2021-06-24,2918601686.0
2021-06-25,3378347651.0
2021-06-26,2760250391.0
2021-06-27,2493763407.0
2021-06-28,3870559832.0
2021-06-29,2987948747.0
2021-06-30,2973144725.0
2021-07-01,4107947178.0
2021-07-02,2573467260.0
2021-07-03,2176831045.0
2021-07-04,3042572979.0
2021-07-05,2869321337.0
2021-07-06,3754743070.0
2021-07-07,3009935591.0
2021-07-08,3078008896.0
2021-07-09,2959506778.0
2021-07-10,2285175228.0
2021-07-11,1787320466.0
2021-07-12,2514832132.0
2021-07-13,2623683665.0
2021-07-14,3216929868.0
2021-07-15,3410807511.0
2021-07-16,2969211180.0
2021-07-17,2161648996.0
2021-07-18,2381747801.0
2021-07-19,2505289404.0
2021-07-20,3276492448.0
2021-07-21,3346443174.0
2021-07-22,2842347093.0
2021-07-23,2758137355.0
2021-07-24,2938813174.0
2021-07-25,2550166629.0
2021-07-26,5840164561.0
2021-07-27,3882611474.0
2021-07-28,3904741666.0
2021-07-29,3078964149.0
2021-07-30,3551777321.0
2021-07-31,2903961520.0
2021-08-01,3740399236.0
2021-08-02,3398250558.0
2021-08-03,3607030664.0
2021-08-04,4018541204.0
2021-08-05,4306287289.0
2021-08-06,3694321569.0
2021-08-07,4447161495.0
2021-08-08,4384078513.0
2021-08-09,4882688667.0
2021-08-10,4096361797.0
2021-08-11,4669982244.0
2021-08-12,4372485158.0
2021-08-13,3594251725.0
2021-08-14,3088684727.0
2021-08-15,3429688139.0
2021-08-16,4553379200.0
2021-08-17,5592947685.0
2021-08-18,5055773749.0
2021-08-19,4938068510.0
2021-08-20,4591656076.0
2021-08-21,4228558023.0
2021-08-22,3879775393.0
2021-08-23,5088231918.0
2021-08-24,6228364160.0
2021-08-25,5884339967.0
2021-08-26,5705439543.0
2021-08-27,4898019479.0
2021-08-28,3457525551.0
2021-08-29,3952507916.0
2021-08-30,5367838385.0
2021-08-31,5420414585.0
2021-09-01,5639902999.0
2021-09-02,4880597572.0
2021-09-03,5295304461.0
2021-09-04,4457414363.0
2021-09-05,4014359370.0
2021-09-06,4834543820.0
2021-09-07,9966694866.0
2021-09-08,7146076401.0
2021-09-09,5317633756.0
2021-09-10,5630793269.0
2021-09-11,3865203333.0
2021-09-12,4000126965.0
2021-09-13,5242423249.0
2021-09-14,4052227965.0
2021-09-15,4586696106.0
2021-09-16,5218119987.0
2021-09-17,4456714380.0
2021-09-18,3657734834.0
2021-09-19,3542809812.0
2021-09-20,7483611556.0
2021-09-21,6940521038.0
2021-09-22,5209835077.0
2021-09-23,4222461959.0
2021-09-24,5740564486.0
2021-09-25,3861704288.0
2021-09-26,5133122888.0
2021-09-27,4242865567.0
2021-09-28,3993909585.0
2021-09-29,4042808327.0
2021-09-30,4044007757.0
2021-10-01,4542317349.0
2021-10-02,3947903892.0
2021-10-03,3585644448.0
2021-10-04,4758808899.0
2021-10-05,4849068595.0
2021-10-06,5953416518.0
2021-10-07,6523991846.0
2021-10-08,5275555748.0
2021-10-09,4411381703.0
2021-10-10,5423642356.0
2021-10-11,6388267430.0
2021-10-12,6759702798.0
2021-10-13,6573225913.0
2021-10-14,6443580150.0
2021-10-15,7834547311.0
2021-10-16,5193775518.0
2021-10-17,5287377415.0
2021-10-18,5733345583.0
2021-10-19,5812930099.0
2021-10-20,6468684036.0
2021-10-21,7773074488.0
2021-10-22,6513290671.0
2021-10-23,5012636464.0
2021-10-24,5468939395.0
2021-10-25,6051233829.0
2021-10-26,8203127437.0
2021-10-27,9973516962.0
2021-10-28,9776690027.0
2021-10-29,8957664573.0
2021-10-30,7923596174.0
2021-10-31,7542507649.0
2021-11-01,7820811155.0
2021-11-02,8503234573.0
2021-11-03,9172930369.0
2021-11-04,9260352309.0
2021-11-05,8190979904.0
2021-11-06,7901817087.0
2021-11-07,8066998653.0
2021-11-08,9288177049.0
2021-11-09,8444314248.0
2021-11-10,12192716556.0
2021-11-11,9398083818.0
2021-11-12,9594965541.0
2021-11-13,7581570941.0
2021-11-14,7977414561.0
2021-11-15,9468540066.0
2021-11-16,12243375673.0
2021-11-17,10273897361.0
2021-11-18,12435338228.0
2021-11-19,9480362532.0
2021-11-20,9389490035.0
2021-11-21,9314523913.0
2021-11-22,10475145979.0
2021-11-23,10506506672.0
2021-11-24,11217454141.0
2021-11-25,10964640649.0
2021-11-26,13880561521.0
2021-11-27,8241225078.0
2021-11-28,8985512395.0
2021-11-29,9851664778.0
2021-11-30,12184841652.0
2021-12-01,11337512678.0
2021-12-02,11125399418.0
2021-12-03,11638239010.0
2021-12-04,15837001647.0
2021-12-05,10177206276.0
2021-12-06,12590628391.0
2021-12-07,9244402292.0
2021-12-08,8703101294.0
2021-12-09,9837959613.0
2021-12-10,10250250071.0
2021-12-11,7074435696.0
2021-12-12,5698302484.0
2021-12-13,8344858246.0
2021-12-14,7709505614.0
2021-12-15,8774199305.0
2021-12-16,6939956113.0
2021-12-17,8691851454.0
2021-12-18,7072708000.0
2021-12-19,6012421707.0
2021-12-20,7438314717.0
2021-12-21,6469997680.0
2021-12-22,6378952344.0
2021-12-23,7503658690.0
2021-12-24,6434824916.0
2021-12-25,5211244136.0
2021-12-26,5204989994.0
2021-12-27,5758123215.0
2021-12-28,7636995784.0
2021-12-29,6236562260.0
2021-12-30,5948995429.0
2021-12-31,6375544094.0
2022-01-01,5154964042.0
2022-01-02,4877880389.0
2022-01-03,5942863722.0
2022-01-04,6594591654.0
2022-01-05,9379592008.0
2022-01-06,7752268417.0
2022-01-07,8682109331.0
2022-01-08,6975138674.0
2022-01-09,4878277636.0
2022-01-10,8068412997.0
2022-01-11,6279156283.0
2022-01-12,6607633702.0
2022-01-13,6855598656.0
2022-01-14,5729720615.0
2022-01-15,4842800102.0
2022-01-16,5447764691.0
2022-01-17,7245063538.0
2022-01-18,6743722605.0
2022-01-19,6295281210.0
2022-01-20,6897081915.0
2022-01-21,13194730012.0
2022-01-22,12063505150.0
2022-01-23,7060806576.0
2022-01-24,9827909068.0
2022-01-25,6532256923.0
2022-01-26,8417911104.0
2022-01-27,8479467659.0
2022-01-28,6609097773.0
2022-01-29,4752459003.0
2022-01-30,4389864194.0
2022-01-31,5118956648.0
2022-02-01,4890755194.0
2022-02-02,4847087197.0
2022-02-03,4611603942.0
2022-02-04,5523794760.0
2022-02-05,5096502727.0
2022-02-06,4223624120.0
2022-02-07,5913738756.0
2022-02-08,6380049614.0
2022-02-09,5290795032.0
2022-02-10,6839470737.0
2022-02-11,6936284738.0
2022-02-12,4939839715.0
2022-02-13,3756208586.0
2022-02-14,4373858948.0
2022-02-15,5367868195.0
2022-02-16,5204726122.0
2022-02-17,6096187239.0
2022-02-18,5233492261.0
2022-02-19,3936694393.0
2022-02-20,5027771825.0
2022-02-21,6328158001.0
2022-02-22,5764088427.0
2022-02-23,5709100126.0
2022-02-24,10387558178.0
2022-02-25,7256632198.0
2022-02-26,6132228443.0
2022-02-27,6669937908.0
2022-02-28,6932187457.0
2022-03-01,6910581116.0
2022-03-02,6572290364.0
2022-03-03,5812546172.0
2022-03-04,5905517027.0
2022-03-05,3990127602.0
2022-03-06,4690916962.0
2022-03-07,5485871792.0
2022-03-08,4719989852.0
2022-03-09,5218615472.0
2022-03-10,4619087476.0
2022-03-11,4614675346.0
2022-03-12,3378720322.0
2022-03-13,3678901157.0
2022-03-14,4108620924.0
2022-03-15,4314945456.0
2022-03-16,5230716640.0
2022-03-17,5055661035.0
2022-03-18,5203556996.0
2022-03-19,4305762923.0
2022-03-20,3980688276.0
2022-03-21,5742812944.0
2022-03-22,4786735268.0
2022-03-23,4379956216.0
2022-03-24,5291081109.0
2022-03-25,5614761349.0
2022-03-26,3353550532.0
2022-03-27,3789633900.0
2022-03-28,5682218304.0
2022-03-29,5748436468.0
2022-03-30,5495988419.0
2022-03-31,6048880906.0
2022-04-01,6896681612.0
2022-04-02,6724706939.0
2022-04-03,4895111309.0
2022-04-04,5348855723.0
2022-04-05,5094747754.0
2022-04-06,7216894757.0
2022-04-07,5704683008.0
2022-04-08,6569377575.0
2022-04-09,4347321920.0
2022-04-10,4179460218.0
2022-04-11,7219592451.0
2022-04-12,6702373729.0
2022-04-13,4843943863.0
2022-04-14,4696158095.0
2022-04-15,3674112939.0
2022-04-16,2981695503.0
2022-04-17,3555083074.0
2022-04-18,4664020216.0
2022-04-19,4462799885.0
2022-04-20,4912366422.0
2022-04-21,4976745633.0
2022-04-22,3986366424.0
2022-04-23,2777900290.0
2022-04-24,2993023303.0
2022-04-25,4921893183.0
2022-04-26,4612376705.0
2022-04-27,4099745022.0
2022-04-28,5262798589.0
2022-04-29,5210206318.0
2022-04-30,5340230068.0
2022-05-01,4720736888.0
2022-05-02,4290212201.0
2022-05-03,3731681195.0
2022-05-04,4609810106.0
2022-05-05,5350255340.0
2022-05-06,5188606709.0
2022-05-07,4122433104.0
2022-05-08,5631997476.0
2022-05-09,10562335447.0
2022-05-10,11078071896.0
2022-05-11,17123076565.0
2022-05-12,15533821987.0
2022-05-13,7441127335.0
2022-05-14,5036084411.0
2022-05-15,3856355444.0
2022-05-16,4805133716.0
2022-05-17,3479355386.0
2022-05-18,3784297755.0
2022-05-19,4063982264.0
2022-05-20,3809358739.0
2022-05-21,2356045439.0
2022-05-22,2601591170.0
2022-05-23,3872955549.0
2022-05-24,3411924820.0
2022-05-25,3249083824.0
2022-05-26,5079111974.0
2022-05-27,4399844001.0
2022-05-28,2748349311.0
2022-05-29,2041836694.0
2022-05-30,3646210350.0
2022-05-31,3108973458.0
2022-06-01,3425689915.0
2022-06-02,2803442170.0
2022-06-03,2322466031.0
2022-06-04,1812358301.0
2022-06-05,1891717979.0
2022-06-06,2606571533.0
2022-06-07,3617933042.0
2022-06-08,3074469038.0
2022-06-09,2285306989.0
2022-06-10,3167686841.0
2022-06-11,3292414319.0
2022-06-12,3787423993.0
2022-06-13,8366554252.0
2022-06-14,5978867591.0
2022-06-15,6296903805.0
2022-06-16,3764295851.0
2022-06-17,2817641751.0
2022-06-18,4026924894.0
2022-06-19,3434402401.0
2022-06-20,3222888982.0
2022-06-21,2910755346.0
2022-06-22,2511812594.0
2022-06-23,2529703194.0
2022-06-24,2753926572.0
2022-06-25,1835418359.0
2022-06-26,1861380728.0
2022-06-27,1861576288.0
2022-06-28,2241595741.0
2022-06-29,2490467531.0
2022-06-30,2758753097.0
2022-07-01,2694632566.0
2022-07-02,1666537841.0
2022-07-03,1526552535.0
2022-07-04,2079351737.0
2022-07-05,2413011246.0
2022-07-06,2348160984.0
2022-07-07,2072079971.0
2022-07-08,2455336978.0
2022-07-09,1359618679.0
2022-07-10,1645039226.0
2022-07-11,1810174819.0
2022-07-12,2028164705.0
2022-07-13,2427960268.0
2022-07-14,2370236849.0
2022-07-15,2553539291.0
2022-07-16,2441411243.0
2022-07-17,2228955314.0
2022-07-18,3544317628.0
2022-07-19,3957695711.0
2022-07-20,3434657412.0
2022-07-21,2781362578.0
2022-07-22,2512338370.0
2022-07-23,2096676502.0
2022-07-24,2168213252.0
2022-07-25,2753968155.0
2022-07-26,2686911378.0
2022-07-27,3154661392.0
2022-07-28,3687404333.0
2022-07-29,3339628019.0
2022-07-30,2436948182.0
2022-07-31,2186052340.0
2022-08-01,2619951858.0
2022-08-02,3058485696.0
2022-08-03,2311972083.0
2022-08-04,2930362610.0
2022-08-05,2790693265.0
2022-08-06,1702549173.0
2022-08-07,1621793305.0
2022-08-08,2700003887.0
2022-08-09,2765709048.0
2022-08-10,3334805702.0
2022-08-11,3174429224.0
2022-08-12,2278873227.0
2022-08-13,2553129440.0
2022-08-14,2307478624.0
2022-08-15,3383200815.0
2022-08-16,2743795964.0
2022-08-17,3303627715.0
2022-08-18,2329548357.0
2022-08-19,4504320921.0
2022-08-20,2977770671.0
2022-08-21,2634438723.0
2022-08-22,2868544412.0
2022-08-23,3124538923.0
2022-08-24,2476512826.0
2022-08-25,2300316477.0
2022-08-26,3478983231.0
2022-08-27,2389082591.0
2022-08-28,2180114821.0
2022-08-29,2835964002.0
2022-08-30,3465302219.0
2022-08-31,3221264774.0
2022-09-01,3138023142.0
2022-09-02,2656259334.0
2022-09-03,1680180834.0
2022-09-04,1881358551.0
2022-09-05,2101269545.0
2022-09-06,3494462368.0
2022-09-07,3038075192.0
2022-09-08,2585796911.0
2022-09-09,2814998087.0
2022-09-10,1988522292.0
2022-09-11,1828907560.0
2022-09-12,2685780292.0
2022-09-13,3869612085.0
2022-09-14,2983372996.0
2022-09-15,3402135453.0
2022-09-16,2289914015.0
2022-09-17,1385201329.0
2022-09-18,1921073004.0
2022-09-19,2787664225.0
2022-09-20,2309415326.0
2022-09-21,2689347631.0
2022-09-22,2056915100.0
2022-09-23,2200843180.0
2022-09-24,1512101425.0
2022-09-25,1222778639.0
2022-09-26,1849850982.0
2022-09-27,2320146802.0
2022-09-28,2358543828.0
2022-09-29,1979432012.0
2022-09-30,2318443793.0
2022-10-01,1608902710.0
2022-10-02,1278192435.0
2022-10-03,2136096204.0
2022-10-04,1809799738.0
2022-10-05,1828176740.0
2022-10-06,2028842670.0
2022-10-07,1605829895.0
2022-10-08,899969307.0
2022-10-09,901128262.0
2022-10-10,1431321339.0
2022-10-11,2755595793.0
2022-10-12,1078835655.0
2022-10-13,2362578861.0
2022-10-14,2026556116.0
2022-10-15,1094809257.0
2022-10-16,1139169918.0
2022-10-17,1866093974.0
2022-10-18,1816435047.0
2022-10-19,1509452341.0
2022-10-20,1549369512.0
2022-10-21,1915078890.0
2022-10-22,1049706653.0
2022-10-23,1393351561.0
2022-10-24,1960393811.0
2022-10-25,3176310109.0
2022-10-26,3124272937.0
2022-10-27,2876277307.0
2022-10-28,2674416941.0
2022-10-29,2772292096.0
2022-10-30,2137384713.0
2022-10-31,2884901611.0
2022-11-01,1974137797.0
2022-11-02,3388240434.0
2022-11-03,2341463844.0
2022-11-04,3730978817.0
2022-11-05,2065374833.0
2022-11-06,2344197721.0
2022-11-07,3194795362.0
2022-11-08,8919491069.0
2022-11-09,10988761365.0
2022-11-10,11684245978.0
2022-11-11,5286256406.0
2022-11-12,4000536358.0
2022-11-13,2910553070.0
2022-11-14,3702142546.0
2022-11-15,2798228618.0
2022-11-16,2588290146.0
2022-11-17,2231807458.0
2022-11-18,1663037934.0
2022-11-19,1638578926.0
2022-11-20,2475726162.0
2022-11-21,3481720283.0
2022-11-22,3152414488.0
2022-11-23,3051750395.0
2022-11-24,2531049709.0
2022-11-25,1885311934.0
2022-11-26,1800372483.0
2022-11-27,1466464994.0
2022-11-28,2045946791.0
2022-11-29,1836894878.0
2022-11-30,2663539739.0
2022-12-01,1908407677.0
2022-12-02,1937437764.0
2022-12-03,1218252768.0
2022-12-04,1251817313.0
2022-12-05,1631959674.0
2022-12-06,1635199404.0
2022-12-07,1499247677.0
2022-12-08,1427685599.0
2022-12-09,1397330597.0
2022-12-10,1738663548.0
2022-12-11,1003178176.0
2022-12-12,1584149587.0
2022-12-13,3127306039.0
2022-12-14,2257570944.0
2022-12-15,1574905074.0
2022-12-16,2446510728.0
2022-12-17,1485898214.0
2022-12-18,898826340.0
2022-12-19,1446427552.0
2022-12-20,1593220608.0
2022-12-21,1200699104.0
2022-12-22,1296777519.0
2022-12-23,1185688457.0
2022-12-24,668507002.0
2022-12-25,967998714.0
2022-12-26,943085507.0
2022-12-27,1177536361.0
2022-12-28,1487263960.0
2022-12-29,1319941542.0
2022-12-30,1064407013.0
2022-12-31,981666900.0
2023-01-01,725434378.0
2023-01-02,938678013.0
2023-01-03,1049456778.0
2023-01-04,1733081218.0
2023-01-05,1386912707.0
2023-01-06,1611176801.0
2023-01-07,903315149.0
2023-01-08,1254216780.0
2023-01-09,2340197122.0
2023-01-10,1642531534.0
2023-01-11,1914867203.0
2023-01-12,3103210708.0
2023-01-13,2767639631.0
2023-01-14,3685904300.0
2023-01-15,2357418463.0
2023-01-16,2546587732.0
2023-01-17,2354592802.0
2023-01-18,3628534727.0
2023-01-19,2016423063.0
2023-01-20,2236241305.0
2023-01-21,2849082799.0
2023-01-22,2265054991.0
2023-01-23,2515541520.0
2023-01-24,2725320335.0
2023-01-25,3226913567.0
2023-01-26,2461073144.0
2023-01-27,2797694981.0
2023-01-28,1881209213.0
2023-01-29,2184149166.0
2023-01-30,2772159599.0
2023-01-31,2260603998.0
2023-02-01,2961118147.0
2023-02-02,3739199120.0
2023-02-03,3104415891.0
2023-02-04,2218258361.0
2023-02-05,2527517574.0
2023-02-06,2671572691.0
2023-02-07,3502223050.0
2023-02-08,3192507146.0
2023-02-09,4248508502.0
2023-02-10,4034040309.0
2023-02-11,2772522349.0
2023-02-12,2068345468.0
2023-02-13,3496139414.0
2023-02-14,3447882222.0
2023-02-15,3400851088.0
2023-02-16,4603217812.0
2023-02-17,3706619318.0
2023-02-18,2179706255.0
2023-02-19,2696501550.0
2023-02-20,2830081807.0
2023-02-21,3415988121.0
2023-02-22,3294991532.0
2023-02-23,2856184864.0
2023-02-24,3056473767.0
2023-02-25,1856784317.0
2023-02-26,1737759353.0
2023-02-27,2452869015.0
2023-02-28,2435347228.0
2023-03-01,2801659013.0
2023-03-02,2756861446.0
2023-03-03,2972690571.0
2023-03-04,1505895499.0
2023-03-05,1782937473.0
2023-03-06,2111768511.0
2023-03-07,2874449340.0
2023-03-08,2525998554.0
2023-03-09,3022018426.0
2023-03-10,7260229478.0
2023-03-11,6893549513.0
2023-03-12,7956277365.0
2023-03-13,8695048598.0
2023-03-14,6191558512.0
2023-03-15,5017571432.0
2023-03-16,2876113884.0
2023-03-17,4436272455.0
2023-03-18,3689623431.0
2023-03-19,3037787055.0
2023-03-20,3818157728.0
2023-03-21,3283139754.0
2023-03-22,4642693811.0
2023-03-23,4042801410.0
2023-03-24,3952553094.0
2023-03-25,2196302316.0
2023-03-26,2169062750.0
2023-03-27,3017265370.0
2023-03-28,2625940949.0
2023-03-29,3302465280.0
2023-03-30,3242231251.0
2023-03-31,2709319882.0
2023-04-01,1835321741.0
2023-04-02,1950040136.0
2023-04-03,3053446665.0
2023-04-04,2609124211.0
2023-04-05,2669617723.0
2023-04-06,2168418826.0
2023-04-07,1534737603.0
2023-04-08,1426513497.0
2023-04-09,1553427415.0
2023-04-10,2017488238.0
2023-04-11,2354598541.0
2023-04-12,2812707353.0
2023-04-13,3089024890.0
2023-04-14,4100426121.0
2023-04-15,2284447829.0
2023-04-16,2412806498.0
2023-04-17,2769124762.0
2023-04-18,3322991725.0
2023-04-19,3973484343.0
2023-04-20,3315485239.0
2023-04-21,3491291474.0
2023-04-22,1723199029.0
2023-04-23,1715923886.0
2023-04-24,2348463421.0
2023-04-25,2458805887.0
2023-04-26,3726971135.0
2023-04-27,3545255868.0
2023-04-28,2091904880.0
2023-04-29,1482832770.0
2023-04-30,2067104403.0
2023-05-01,2650438411.0
2023-05-02,2345576888.0
2023-05-03,2817071745.0
2023-05-04,2177152431.0
2023-05-05,3735676024.0
2023-05-06,3551272398.0
2023-05-07,2316708754.0
2023-05-08,3771448961.0
2023-05-09,2428510667.0
2023-05-10,3432341930.0
2023-05-11,3228448490.0
2023-05-12,3435582944.0
2023-05-13,1691004039.0
2023-05-14,1501735302.0
2023-05-15,2048336012.0
2023-05-16,1944055021.0
2023-05-17,2374125323.0
2023-05-18,2188083805.0
2023-05-19,1819358258.0
2023-05-20,1372753376.0
2023-05-21,1068384346.0
2023-05-22,1552667418.0
2023-05-23,2689245546.0
2023-05-24,2262947582.0
2023-05-25,1920408586.0
2023-05-26,1607540589.0
2023-05-27,1134470121.0
2023-05-28,1988270722.0
2023-05-29,2497062459.0
2023-05-30,1959631405.0
2023-05-31,1918272226.0
2023-06-01,1732153858.0
2023-06-02,1861048546.0
2023-06-03,1311369519.0
2023-06-04,1235280235.0
2023-06-05,3133322926.0
2023-06-06,2808494925.0
2023-06-07,2620322017.0
2023-06-08,1846244351.0
2023-06-09,1821317339.0
2023-06-10,3971786793.0
2023-06-11,1402240518.0
2023-06-12,2295076031.0
2023-06-13,2189974876.0
2023-06-14,2504361151.0
2023-06-15,2662959239.0
2023-06-16,2109378256.0
2023-06-17,1546772285.0
2023-06-18,1223636521.0
2023-06-19,1817384984.0
2023-06-20,2576385376.0
2023-06-21,3957680751.0
2023-06-22,2999646498.0
2023-06-23,3041439431.0
2023-06-24,1604017293.0
2023-06-25,2055374439.0
2023-06-26,2602968131.0
2023-06-27,2534267444.0
2023-06-28,2206575588.0
2023-06-29,2015098913.0
2023-06-30,3904758559.0
2023-07-01,1661599289.0
2023-07-02,1796062602.0
2023-07-03,2361842618.0
2023-07-04,1989220784.0
2023-07-05,1923639493.0
2023-07-06,2540647868.0
2023-07-07,2196876795.0
2023-07-08,1424431338.0
2023-07-09,1322809358.0
2023-07-10,2518770064.0
2023-07-11,1729151916.0
2023-07-12,1923165397.0
2023-07-13,3423239912.0
2023-07-14,3338553702.0
2023-07-15,1588432624.0
2023-07-16,1485893531.0
2023-07-17,2642561860.0
2023-07-18,2038002445.0
2023-07-19,1882960294.0
2023-07-20,1994970637.0
2023-07-21,1448594235.0
2023-07-22,1480824298.0
2023-07-23,1133472289.0
2023-07-24,1907369140.0
2023-07-25,1366351713.0
2023-07-26,1787150898.0
2023-07-27,1500663572.0
2023-07-28,1302981963.0
2023-07-29,1050045230.0
2023-07-30,2274214680.0
2023-07-31,2559968129.0
2023-08-01,2779455517.0
2023-08-02,2110073867.0
2023-08-03,1667782951.0
2023-08-04,1738629143.0
2023-08-05,1781445678.0
2023-08-06,1175304522.0
2023-08-07,1943821619.0
2023-08-08,2127502500.0
2023-08-09,1758429818.0
2023-08-10,1574318638.0
2023-08-11,1310137009.0
2023-08-12,1029600291.0
2023-08-13,1709304518.0
2023-08-14,1610750046.0
2023-08-15,1775145911.0
2023-08-16,2006731634.0
2023-08-17,4328777393.0
2023-08-18,2878603599.0
2023-08-19,1574003471.0
2023-08-20,1320773624.0
2023-08-21,1746457069.0
2023-08-22,2581561855.0
2023-08-23,2156198617.0
2023-08-24,1625242494.0
2023-08-25,1757142801.0
2023-08-26,998987045.0
2023-08-27,999794961.0
2023-08-28,1590566049.0
2023-08-29,2714570758.0
2023-08-30,1544176845.0
2023-08-31,2091809195.0
2023-09-01,1960897590.0
2023-09-02,1070292909.0
2023-09-03,1070291339.0
2023-09-04,1298037579.0
2023-09-05,1430039439.0
2023-09-06,1829030866.0
2023-09-07,1518475749.0
2023-09-08,1425142724.0
2023-09-09,904352200.0
2023-09-10,1410236286.0
2023-09-11,2366134270.0
2023-09-12,2222087973.0
2023-09-13,1720131798.0
2023-09-14,1804046873.0
2023-09-15,1608320199.0
2023-09-16,1101839880.0
2023-09-17,966090153.0
2023-09-18,1835078831.0
2023-09-19,1608623265.0
2023-09-20,1560803147.0
2023-09-21,1582253220.0
2023-09-22,1232420506.0
2023-09-23,990773211.0
2023-09-24,959281862.0
2023-09-25,1544534483.0
2023-09-26,1361359269.0
2023-09-27,1806941378.0
2023-09-28,2190797824.0
2023-09-29,1914568699.0
2023-09-30,1490867617.0
2023-10-01,1944997323.0
2023-10-02,2771287591.0
2023-10-03,1977862846.0
2023-10-04,1820200790.0
2023-10-05,1729839724.0
2023-10-06,1653443577.0
2023-10-07,1115016458.0
2023-10-08,1372537125.0
2023-10-09,1758110336.0
2023-10-10,1490509762.0
2023-10-11,1944550926.0
2023-10-12,1671788584.0
2023-10-13,1479650507.0
2023-10-14,866989198.0
2023-10-15,1032723466.0
2023-10-16,2817677070.0
2023-10-17,1566282822.0
2023-10-18,1577962533.0
2023-10-19,1418404626.0
2023-10-20,2058992172.0
2023-10-21,1562337477.0
2023-10-22,1709607132.0
2023-10-23,3735267212.0
2023-10-24,4493207983.0
2023-10-25,2844520229.0
2023-10-26,3006950454.0
2023-10-27,2295634721.0
2023-10-28,1320213637.0
2023-10-29,1454422373.0
2023-10-30,2252955051.0
2023-10-31,2336077736.0
2023-11-01,3278019997.0
2023-11-02,3301900400.0
2023-11-03,2761823016.0
2023-11-04,1851238187.0
2023-11-05,2647610817.0
2023-11-06,2800925866.0
2023-11-07,3047636713.0
2023-11-08,2302057572.0
2023-11-09,5484486708.0
2023-11-10,4162115295.0
2023-11-11,3752824343.0
2023-11-12,3247733812.0
2023-11-13,4448906258.0
2023-11-14,4342681057.0
2023-11-15,4160431399.0
2023-11-16,4669118626.0
2023-11-17,3952798471.0
2023-11-18,2532053580.0
2023-11-19,2415379634.0
2023-11-20,3545933501.0
2023-11-21,4586819748.0
2023-11-22,4019586883.0
2023-11-23,2534136753.0
2023-11-24,2922468948.0
2023-11-25,1891112117.0
2023-11-26,2327906556.0
2023-11-27,2888743961.0
2023-11-28,2926361595.0
2023-11-29,2773943958.0
2023-11-30,2682803140.0
2023-12-01,2544595391.0
2023-12-02,2648389913.0
2023-12-03,2352288202.0
2023-12-04,4309400889.0
2023-12-05,4304779113.0
2023-12-06,4458878029.0
2023-12-07,4532973442.0
2023-12-08,4130040353.0
2023-12-09,4148978454.0
2023-12-10,2907685768.0
2023-12-11,5972489107.0
2023-12-12,4550777267.0
2023-12-13,4437518263.0
2023-12-14,4237191371.0
2023-12-15,4376899502.0
2023-12-16,3643617181.0
2023-12-17,3119231609.0
2023-12-18,4217737776.0
2023-12-19,3889654374.0
2023-12-20,4871439325.0
2023-12-21,4992723286.0
2023-12-22,6800684387.0
2023-12-23,4137401201.0
2023-12-24,4859159411.0
2023-12-25,4248779648.0
2023-12-26,5461914768.0
2023-12-27,5779450632.0
2023-12-28,6324748194.0
2023-12-29,5255139708.0
2023-12-30,3196119328.0
2023-12-31,3231922577.0
2024-01-01,2555077487.0
2024-01-02,4925771688.0
2024-01-03,7474775407.0
2024-01-04,5348003712.0
2024-01-05,5011626588.0
2024-01-06,2991009597.0
2024-01-07,3049410201.0
2024-01-08,5678269417.0
2024-01-09,6459620944.0
2024-01-10,7813179843.0
2024-01-11,6802726978.0
2024-01-12,6983002327.0
2024-01-13,3725976751.0
2024-01-14,3352175655.0
2024-01-15,3601375055.0
2024-01-16,3516619963.0
2024-01-17,3706603104.0
2024-01-18,4130628271.0
2024-01-19,4281799845.0
2024-01-20,2448940803.0
2024-01-21,2431828338.0
2024-01-22,4591133120.0
2024-01-23,5168034426.0
2024-01-24,3250113154.0
2024-01-25,3304358069.0
2024-01-26,3475837747.0
2024-01-27,2197134450.0
2024-01-28,2632102697.0
2024-01-29,3428819892.0
2024-01-30,3668344288.0
2024-01-31,4562159943.0
2024-02-01,3557258670.0
2024-02-02,3221774766.0
2024-02-03,2303750348.0
2024-02-04,2209608209.0
2024-02-05,2880320858.0
2024-02-06,2880580023.0
2024-02-07,3334101782.0
2024-02-08,3509122471.0
2024-02-09,4052300525.0
2024-02-10,2627227870.0
2024-02-11,2998942129.0
2024-02-12,3929781865.0
2024-02-13,3959453039.0
2024-02-14,3891456045.0
2024-02-15,4451231906.0
2024-02-16,3893176048.0
2024-02-17,2820465424.0
2024-02-18,3058086400.0
2024-02-19,4045955430.0
2024-02-20,5155038493.0
2024-02-21,4692854174.0
2024-02-22,4549043947.0
2024-02-23,4043468734.0
2024-02-24,3325985272.0
2024-02-25,3683961375.0
2024-02-26,5351172589.0
2024-02-27,6542569623.0
2024-02-28,9427271587.0
2024-02-29,8730764250.0
2024-03-01,6513308994.0
2024-03-02,5855003149.0
2024-03-03,6510589885.0
2024-03-04,8477837027.0
2024-03-05,13788726478.0
2024-03-06,11741806035.0
2024-03-07,10252587445.0
2024-03-08,8341606072.0
2024-03-09,5385129703.0
2024-03-10,6971712622.0
2024-03-11,8812361947.0
2024-03-12,8850997791.0
2024-03-13,8201433787.0
2024-03-14,10005036868.0
2024-03-15,13332133807.0
2024-03-16,10627960936.0
2024-03-17,9242658747.0
2024-03-18,9374319219.0
2024-03-19,12007096308.0
2024-03-20,8526083213.0
2024-03-21,6581801102.0
2024-03-22,7698699273.0
2024-03-23,4509830573.0
2024-03-24,4974503353.0
2024-03-25,7708451332.0
2024-03-26,7627872932.0
2024-03-27,7862041189.0
2024-03-28,6862605774.0
2024-03-29,6754569076.0
2024-03-30,5323027876.0
2024-03-31,4802604332.0
2024-04-01,6691634632.0
2024-04-02,9180235119.0
2024-04-03,7082313085.0
2024-04-04,6730940928.0
2024-04-05,6130210235.0
2024-04-06,4142419848.0
2024-04-07,4741728955.0
2024-04-08,7604400566.0
2024-04-09,6572773010.0
2024-04-10,6486834989.0
2024-04-11,6162585840.0
2024-04-12,8892811974.0
2024-04-13,9768630884.0
2024-04-14,8041751737.0
2024-04-15,6727535303.0
2024-04-16,6480935503.0
2024-04-17,6052067167.0
2024-04-18,5735428538.0
2024-04-19,6858842560.0
2024-04-20,4248938437.0
2024-04-21,4500318391.0
2024-04-22,5637313470.0
2024-04-23,5023032449.0
2024-04-24,6667930640.0
2024-04-25,5546697667.0
2024-04-26,4977199102.0
2024-04-27,4685539066.0
2024-04-28,4204838379.0
2024-04-29,5001408236.0
2024-04-30,6218860464.0
2024-05-01,6716129659.0
2024-05-02,5188165407.0
2024-05-03,5076181273.0
2024-05-04,4012578177.0
2024-05-05,3436275977.0
2024-05-06,4763332072.0
2024-05-07,4660004958.0
2024-05-08,5074007437.0
2024-05-09,4405931053.0
2024-05-10,4331976050.0
2024-05-11,2755799447.0
2024-05-12,2592005546.0
2024-05-13,4245108563.0
2024-05-14,4491871825.0
2024-05-15,5631177552.0
2024-05-16,4933685647.0
2024-05-17,5365783127.0
2024-05-18,3906628392.0
2024-05-19,3546872322.0
2024-05-20,7734101371.0
2024-05-21,8803559408.0
2024-05-22,7111862911.0
2024-05-23,10626590555.0
2024-05-24,6836348456.0
2024-05-25,4059915541.0
2024-05-26,4927859175.0
2024-05-27,5964333390.0
2024-05-28,7239490064.0
2024-05-29,18782960242.0
2024-05-30,10565387550.0
2024-05-31,7503954627.0
2024-06-01,16965455576.0
2024-06-02,31529911952.0
2024-06-03,26140499425.0
2024-06-04,22840919569.0
2024-06-05,19789058043.0
2024-06-06,21413583839.0
2024-06-07,7841165396.0
2024-06-08,5301232438.0
2024-06-09,4045745666.0
2024-06-10,5171805903.0
2024-06-11,7339382917.0
2024-06-12,7115788686.0
2024-06-13,6291528515.0
2024-06-14,5951968945.0
2024-06-15,3865292577.0
2024-06-16,3881306388.0
2024-06-17,6367671844.0
2024-06-18,7754958880.0
2024-06-19,5409703196.0
2024-06-20,5444417707.0
2024-06-21,5649666972.0
2024-06-22,3645150276.0
2024-06-23,3337358355.0
2024-06-24,7513566108.0
2024-06-25,5072974951.0
2024-06-26,5119133914.0
2024-06-27,5796755989.0
2024-06-28,5153821003.0
2024-06-29,3051694930.0
2024-06-30,3191752084.0
2024-07-01,4793413221.0
2024-07-02,4270544361.0
2024-07-03,5555580164.0
2024-07-04,7278567710.0
2024-07-05,9618494371.0
2024-07-06,5135272150.0
2024-07-07,4784387137.0
2024-07-08,7688403857.0
2024-07-09,5973336616.0
2024-07-10,6057035123.0
2024-07-11,6609376374.0
2024-07-12,6241910282.0
2024-07-13,4210560890.0
2024-07-14,5704719222.0
2024-07-15,6919347122.0
2024-07-16,7192388660.0
2024-07-17,6296794396.0
2024-07-18,6228592417.0
2024-07-19,7478519598.0
2024-07-20,4992960345.0
2024-07-21,6431976937.0
2024-07-22,6139393898.0
2024-07-23,7596679318.0
2024-07-24,4607273480.0
2024-07-25,7470828526.0
2024-07-26,5186222354.0
2024-07-27,5608962230.0
2024-07-28,4348165101.0
2024-07-29,5822111021.0
2024-07-30,5624226985.0
2024-07-31,5920059678.0
2024-08-01,6307125567.0
2024-08-02,6988541082.0
2024-08-03,6135363100.0
2024-08-04,7183691788.0
2024-08-05,18503618153.0
2024-08-06,7505753490.0
2024-08-07,6931017693.0
2024-08-08,6438867304.0
2024-08-09,5127348674.0
2024-08-10,3581016410.0
2024-08-11,4675075995.0
2024-08-12,6084192691.0
2024-08-13,5311987479.0
2024-08-14,4032381715.0
2024-08-15,5516266518.0
2024-08-16,4158929209.0
2024-08-17,2946762562.0
2024-08-18,2909627762.0
2024-08-19,4469919979.0
2024-08-20,4894584364.0
2024-08-21,5378164111.0
2024-08-22,4952036147.0
2024-08-23,4411219924.0
2024-08-24,4245742218.0
2024-08-25,4072028206.0
2024-08-26,5129022617.0
2024-08-27,5207175302.0
2024-08-28,5959569129.0
2024-08-29,4472215910.0
2024-08-30,4359086485.0
2024-08-31,2662018474.0
2024-09-01,3695885596.0
2024-09-02,3660060742.0
2024-09-03,4097555670.0
2024-09-04,5072475443.0
2024-09-05,4178660448.0
2024-09-06,6506544252.0
2024-09-07,3174875368.0
2024-09-08,3152635106.0
2024-09-09,4313494864.0
2024-09-10,3813315119.0
2024-09-11,4607091272.0
2024-09-12,3699584076.0
2024-09-13,3370484399.0
2024-09-14,2829592588.0
2024-09-15,2728981079.0
2024-09-16,3576051832.0
2024-09-17,4363215563.0
2024-09-18,4751750256.0
2024-09-19,5287313634.0
2024-09-20,5026130321.0
2024-09-21,4008001368.0
2024-09-22,3547342201.0
2024-09-23,5221959012.0
2024-09-24,5040037703.0
2024-09-25,5171442132.0
2024-09-26,6200147178.0
2024-09-27,5880123851.0
2024-09-28,4448362218.0
2024-09-29,4429095210.0
2024-09-30,6033748177.0
2024-10-01,8109465797.0
2024-10-02,6698483840.0
2024-10-03,6204615948.0
2024-10-04,5114317305.0
2024-10-05,3661784697.0
2024-10-06,4177005417.0
2024-10-07,5963602537.0
2024-10-08,6002274501.0
2024-10-09,5973073521.0
2024-10-10,6123860257.0
2024-10-11,5365213882.0
2024-10-12,4904070642.0
2024-10-13,5370714732.0
2024-10-14,8085442458.0
2024-10-15,8292340361.0
2024-10-16,6929700031.0
2024-10-17,6654184700.0
2024-10-18,6322102790.0
2024-10-19,4807875014.0
2024-10-20,6305001372.0
2024-10-21,7683302964.0
2024-10-22,7588282333.0
2024-10-23,8383644833.0
2024-10-24,7821340587.0
2024-10-25,8157851882.0
2024-10-26,6178115163.0
2024-10-27,5510086911.0
2024-10-28,7812820394.0
2024-10-29,8237452784.0
2024-10-30,7891112943.0
2024-10-31,7609633147.0
2024-11-01,7503121132.0
2024-11-02,5154718924.0
2024-11-03,6430464371.0
2024-11-04,6625293185.0
2024-11-05,7962959772.0
2024-11-06,13258324717.0
2024-11-07,11206653523.0
2024-11-08,9387354950.0
2024-11-09,9348805139.0
2024-11-10,13413987889.0
2024-11-11,17020889910.0
2024-11-12,19465236700.0
2024-11-13,19993209901.0
2024-11-14,15853447222.0
2024-11-15,13234126971.0
2024-11-16,12925070189.0
2024-11-17,14175916178.0
2024-11-18,17419574492.0
2024-11-19,16156576706.0
2024-11-20,16752081953.0
2024-11-21,18049578927.0
2024-11-22,15694471046.0
2024-11-23,15018239670.0
2024-11-24,14327224990.0
2024-11-25,17622183017.0
2024-11-26,17562506099.0
2024-11-27,14394178149.0
2024-11-28,12668344543.0
2024-11-29,11366542509.0
2024-11-30,10541557869.0
2024-12-01,13091952574.0
2024-12-02,17738196961.0
2024-12-03,16132245592.0
2024-12-04,18189389801.0
2024-12-05,20036911994.0
2024-12-06,15888583795.0
2024-12-07,10129448702.0
2024-12-08,11554227680.0
2024-12-09,18923729217.0
2024-12-10,17933476999.0
2024-12-11,13688924547.0
2024-12-12,15054476814.0
2024-12-13,12317751745.0
2024-12-14,10239562533.0
2024-12-15,10810226367.0
2024-12-16,16397258387.0
2024-12-17,14869448667.0
2024-12-18,17521220829.0
2024-12-19,19386722107.0
2024-12-20,17904692857.0
2024-12-21,12038025757.0
2024-12-22,10619489871.0
2024-12-23,12332996284.0
2024-12-24,12014869587.0
2024-12-25,9002590223.0
2024-12-26,9917376240.0
2024-12-27,10159707248.0
2024-12-28,8098414358.0
2024-12-29,8700881115.0
2024-12-30,12773450138.0
2024-12-31,11409403506.0
2025-01-01,10201197097.0
2025-01-02,12893491588.0
2025-01-03,11611699752.0
2025-01-04,9717632674.0
2025-01-05,9686351217.0
2025-01-06,13076523791.0
2025-01-07,14340450330.0
2025-01-08,14342013030.0
2025-01-09,14110142256.0
2025-01-10,12973521393.0
2025-01-11,7952927688.0
2025-01-12,8246405873.0
2025-01-13,14806919341.0
2025-01-14,11342425535.0
2025-01-15,12671055673.0
2025-01-16,13253704878.0
2025-01-17,26799860506.0
2025-01-18,48360730443.0
2025-01-19,44673320026.0
2025-01-20,44023977124.0
2025-01-21,26163553162.0
2025-01-22,22915913466.0
2025-01-23,25408412192.0
2025-01-24,19909995691.0
2025-01-25,15400566602.0
2025-01-26,16689253709.0
2025-01-27,20824913271.0
2025-01-28,15054725401.0
2025-01-29,15248339301.0
2025-01-30,13631426843.0
2025-01-31,13923114289.0
2025-02-01,14187591890.0
2025-02-02,21962834517.0
2025-02-03,28802252221.0
2025-02-04,17787199307.0
2025-02-05,13105231346.0
2025-02-06,13512906739.0
2025-02-07,12167391029.0
2025-02-08,10369801574.0
2025-02-09,13060456518.0
2025-02-10,12264059298.0
2025-02-11,11865154825.0
2025-02-12,13235755973.0
2025-02-13,14135278109.0
2025-02-14,11514113684.0
2025-02-15,8310203415.0
2025-02-16,7843485268.0
2025-02-17,11469930366.0
2025-02-18,12324797017.0
2025-02-19,10195442848.0
2025-02-20,9927644209.0
2025-02-21,13976399296.0
2025-02-22,7833075404.0
2025-02-23,8928289489.0
2025-02-24,15657537956.0
2025-02-25,18607947632.0
2025-02-26,12951476488.0
2025-02-27,10935722130.0
2025-02-28,14027334341.0
2025-03-01,9320541524.0
2025-03-02,16025334449.0
2025-03-03,14963193436.0
2025-03-04,13212679450.0
2025-03-05,10593932119.0
2025-03-06,10112985590.0
2025-03-07,11883158963.0
2025-03-08,6634985272.0
2025-03-09,7033972753.0
2025-03-10,12375178178.0
2025-03-11,11585299423.0
2025-03-12,9158063898.0
2025-03-13,7302805293.0
2025-03-14,6201704251.0
2025-03-15,4541912553.0
2025-03-16,4968823247.0
2025-03-17,6472724289.0
2025-03-18,6446227377.0
2025-03-19,7769473499.0
2025-03-20,6673153486.0
2025-03-21,5985787653.0
2025-03-22,4338987841.0
2025-03-23,4985177245.0
2025-03-24,7055723291.0
2025-03-25,6662960065.0
2025-03-26,7304618396.0
2025-03-27,7276200222.0
2025-03-28,8007991769.0
2025-03-29,7626855516.0
2025-03-30,5187419470.0
2025-03-31,6664148084.0
2025-04-01,6957503798.0
2025-04-02,9890189470.0
2025-04-03,8943223607.0
2025-04-04,9287611279.0
2025-04-05,4429781562.0
2025-04-06,8240253659.0
2025-04-07,13635285815.0
2025-04-08,8414778261.0
2025-04-09,11932570110.0
2025-04-10,8754796753.0
2025-04-11,8150264099.0
2025-04-12,7204428355.0
2025-04-13,7860314888.0
2025-04-14,8733950894.0
2025-04-15,8214431316.0
2025-04-16,9050567165.0
2025-04-17,7662122677.0
2025-04-18,5185910920.0
2025-04-19,5465158206.0
2025-04-20,5019564132.0
2025-04-21,8147428243.0
2025-04-22,10293826490.0
2025-04-23,12498029027.0
2025-04-24,9320414924.0
2025-04-25,9926300887.0
2025-04-26,7883469449.0
2025-04-27,7348998124.0
2025-04-28,9732976259.0
2025-04-29,8850871929.0
2025-04-30,9455711358.0
2025-05-01,9675290943.0
2025-05-02,8126360340.0
2025-05-03,6873423888.0
2025-05-04,7273496609.0
2025-05-05,10171717997.0
2025-05-06,8636672281.0
2025-05-07,9191088657.0
2025-05-08,13830722546.0
2025-05-09,16698631729.0
2025-05-10,13407445730.0
2025-05-11,15489948021.0
2025-05-12,20359503906.0
2025-05-13,15369044808.0
2025-05-14,14969666164.0
2025-05-15,14923480169.0
2025-05-16,12417053212.0
2025-05-17,10682129747.0
2025-05-18,12534522707.0
2025-05-19,15208395877.0
2025-05-20,16205419844.0
2025-05-21,19040263710.0
2025-05-22,16667107281.0
2025-05-23,17888156655.0
2025-05-24,9376584075.0
2025-05-25,10348813820.0
2025-05-26,12109766154.0
2025-05-27,12816993934.0
2025-05-28,11903491206.0
2025-05-29,13918849433.0
2025-05-30,14279776853.0
2025-05-31,10250930459.0
2025-06-01,9178193147.0
2025-06-02,10641104093.0
2025-06-03,11629350975.0
2025-06-04,10324232236.0
2025-06-05,13868635491.0
2025-06-06,10770506902.0
2025-06-07,7197887051.0
2025-06-08,7572590526.0
2025-06-09,11902383643.0
2025-06-10,15560379755.0
2025-06-11,13445075586.0
2025-06-12,13030382609.0
2025-06-13,15177912049.0
2025-06-14,7825171533.0
2025-06-15,8851488904.0
2025-06-16,14734635644.0
2025-06-17,14374121903.0
2025-06-18,12089342826.0
2025-06-19,9650676945.0
2025-06-20,11450525172.0
2025-06-21,10105626387.0
2025-06-22,13523391748.0
2025-06-23,13936872885.0
2025-06-24,11659038252.0
2025-06-25,10928270842.0
2025-06-26,11165951404.0
2025-06-27,9590383249.0
2025-06-28,7242663547.0
2025-06-29,8805233547.0
2025-06-30,15204613021.0
2025-07-01,9542506551.0
2025-07-02,12257408731.0
2025-07-03,11220193833.0
2025-07-04,8989796920.0
2025-07-05,7005095683.0
2025-07-06,7909293871.0
2025-07-07,10330793511.0
2025-07-08,10333987033.0
2025-07-09,12576731224.0
2025-07-10,13937263393.0
2025-07-11,16343864330.0
2025-07-12,12076215209.0
2025-07-13,11463667137.0
2025-07-14,15949909098.0
2025-07-15,17405953203.0
2025-07-16,15473178774.0
2025-07-17,17558188482.0
2025-07-18,19102162404.0
2025-07-19,10940392256.0
2025-07-20,14057718450.0
2025-07-21,16769716149.0
2025-07-22,19706301543.0
2025-07-23,17050092911.0
2025-07-24,16895785838.0
2025-07-25,15645994506.0
2025-07-26,10534426501.0
2025-07-27,13132090919.0
2025-07-28,16171774352.0
2025-07-29,15763385401.0
2025-07-30,16116551838.0
2025-07-31,15314181071.0
2025-08-01,17633390481.0
2025-08-02,11830092518.0
2025-08-03,10768206853.0
2025-08-04,12387813600.0
2025-08-05,13084930443.0
2025-08-06,12820665880.0
2025-08-07,14129634766.0
2025-08-08,15174369779.0
2025-08-09,16202172285.0
2025-08-10,14087725400.0
2025-08-11,17798838731.0
2025-08-12,21204112446.0
2025-08-13,20681273127.0
2025-08-14,25313907600.0
2025-08-15,17763306927.0
2025-08-16,12113108206.0
2025-08-17,12398282271.0
2025-08-18,18004299732.0
2025-08-19,17236228713.0
2025-08-20,16800402812.0
2025-08-21,16373818121.0
2025-08-22,22795017841.0
2025-08-23,16680249346.0
2025-08-24,20841355248.0
2025-08-25,22094022426.0
2025-08-26,18171498433.0
2025-08-27,18480532019.0
2025-08-28,15590941438.0
2025-08-29,19764311597.0
2025-08-30,10756967637.0
2025-08-31,11175285397.0
2025-09-01,15668180915.0
2025-09-02,14152453661.0
2025-09-03,14136582430.0
2025-09-04,14808280378.0
2025-09-05,16878498435.0
2025-09-06,9718692752.0
2025-09-07,9416471842.0
2025-09-08,14442904418.0
2025-09-09,15485211568.0
2025-09-10,16048779796.0
2025-09-11,16370122376.0
2025-09-12,17656978851.0
2025-09-13,15090912292.0
2025-09-14,15695305342.0
2025-09-15,19631085264.0
2025-09-16,16536140951.0
2025-09-17,19063546970.0
2025-09-18,17431883305.0
2025-09-19,16072204772.0
2025-09-20,14592575669.0
2025-09-21,15758135271.0
2025-09-22,22278381972.0
2025-09-23,20498973156.0
2025-09-24,19836780030.0
2025-09-25,29515047547.0
2025-09-26,20993689867.0
2025-09-27,14212266726.0
2025-09-28,13706247102.0
2025-09-29,17462787294.0
2025-09-30,16855796717.0
2025-10-01,17623631473.0
2025-10-02,18808841785.0
2025-10-03,19768691150.0
2025-10-04,14460711995.0
2025-10-05,17113380480.0
2025-10-06,19532519992.0
2025-10-07,25219103386.0
2025-10-08,24986284834.0
2025-10-09,24340037450.0
2025-10-10,34406890877.0
2025-10-11,25931708566.0
2025-10-12,20032081197.0
2025-10-13,23928190181.0
2025-10-14,26169293709.0
2025-10-15,22493559465.0
2025-10-16,22479803986.0
2025-10-17,21095288410.0
2025-10-18,15009811757.0
2025-10-19,16330650916.0
2025-10-20,16100653509.0
2025-10-21,18701751646.0
2025-10-22,18499386091.0
2025-10-23,16897436185.0
2025-10-24,16937159119.0
2025-10-25,13255938479.0
2025-10-26,13584245847.0
2025-10-27,17754856080.0
2025-10-28,16826583404.0
2025-10-29,17717719646.0
2025-10-30,18972552803.0
2025-10-31,16343134674.0
2025-11-01,12610100945.0
2025-11-02,12329257019.0
2025-11-03,19391469830.0
2025-11-04,23049685725.0
2025-11-05,23053704886.0
