date,total_stablecoins_mcap_usd
2017-11-29,110105.0
2017-11-30,110105.0
2017-12-01,110105.0
2017-12-02,110105.0
2017-12-03,110105.0
2017-12-04,110105.0
2017-12-05,110105.0
2017-12-06,110105.0
2017-12-07,110105.0
2017-12-08,110105.0
2017-12-09,110105.0
2017-12-10,110105.0
2017-12-11,110105.0
2017-12-12,110105.0
2017-12-13,110105.0
2017-12-14,110105.0
2017-12-15,110105.0
2017-12-16,110105.0
2017-12-17,110105.0
2017-12-18,110105.0
2017-12-19,110105.0
2017-12-20,110105.0
2017-12-21,110105.0
2017-12-22,110105.0
2017-12-23,110105.0
2017-12-24,110105.0
2017-12-25,110105.0
2017-12-26,110105.0
2017-12-27,110105.0
2017-12-28,110105.0
2017-12-29,110105.0
2017-12-30,110105.0
2017-12-31,110105.0
2018-01-01,110105.0
2018-01-02,110105.0
2018-01-03,110105.0
2018-01-04,110105.0
2018-01-05,110105.0
2018-01-06,110105.0
2018-01-07,110105.0
2018-01-08,110105.0
2018-01-09,110105.0
2018-01-10,110105.0
2018-01-11,30146817.0
2018-01-12,30146817.0
2018-01-13,30146817.0
2018-01-14,30146817.0
2018-01-15,30146817.0
2018-01-16,30146817.0
2018-01-17,30146817.0
2018-01-18,30146817.0
2018-01-19,30146817.0
2018-01-20,30146817.0
2018-01-21,30146817.0
2018-01-22,30146817.0
2018-01-23,30146817.0
2018-01-24,30146817.0
2018-01-25,30146817.0
2018-01-26,30146817.0
2018-01-27,30146817.0
2018-01-28,30146817.0
2018-01-29,60183528.0
2018-01-30,60183528.0
2018-01-31,60183528.0
2018-02-01,60183528.0
2018-02-02,60183528.0
2018-02-03,60183528.0
2018-02-04,60183528.0
2018-02-05,60183528.0
2018-02-06,60183528.0
2018-02-07,60183528.0
2018-02-08,60183528.0
2018-02-09,60183528.0
2018-02-10,60183528.0
2018-02-11,60183528.0
2018-02-12,60183528.0
2018-02-13,60183528.0
2018-02-14,60183528.0
2018-02-15,60183528.0
2018-02-16,60183528.0
2018-02-17,60183528.0
2018-02-18,60183528.0
2018-02-19,60183528.0
2018-02-20,60183528.0
2018-02-21,60183528.0
2018-02-22,60183528.0
2018-02-23,60183528.0
2018-02-24,60183528.0
2018-02-25,60183528.0
2018-02-26,60183528.0
2018-02-27,60183528.0
2018-02-28,60183528.0
2018-03-01,60183528.0
2018-03-02,60183528.0
2018-03-03,60183528.0
2018-03-04,60183528.0
2018-03-05,60183528.0
2018-03-06,60183528.0
2018-03-07,60183528.0
2018-03-08,60183528.0
2018-03-09,60183528.0
2018-03-10,60183528.0
2018-03-11,60183528.0
2018-03-12,60183528.0
2018-03-13,60183528.0
2018-03-14,60183528.0
2018-03-15,60183528.0
2018-03-16,60183528.0
2018-03-17,60183528.0
2018-03-18,60183528.0
2018-03-19,60183528.0
2018-03-20,60183528.0
2018-03-21,60183528.0
2018-03-22,60183528.0
2018-03-23,60183528.0
2018-03-24,60183528.0
2018-03-25,60183528.0
2018-03-26,60183528.0
2018-03-27,60183528.0
2018-03-28,60183528.0
2018-03-29,60183528.0
2018-03-30,60183528.0
2018-03-31,60183528.0
2018-04-01,60183528.0
2018-04-02,60183528.0
2018-04-03,60183528.0
2018-04-04,60183528.0
2018-04-05,60183528.0
2018-04-06,60183528.0
2018-04-07,60183528.0
2018-04-08,60183528.0
2018-04-09,60183528.0
2018-04-10,60183528.0
2018-04-11,60183528.0
2018-04-12,60183528.0
2018-04-13,60183528.0
2018-04-14,60183528.0
2018-04-15,60183528.0
2018-04-16,60183528.0
2018-04-17,60183528.0
2018-04-18,60183528.0
2018-04-19,60183528.0
2018-04-20,60183528.0
2018-04-21,60183528.0
2018-04-22,60183528.0
2018-04-23,60183528.0
2018-04-24,60183528.0
2018-04-25,60183528.0
2018-04-26,60183528.0
2018-04-27,60183528.0
2018-04-28,60183528.0
2018-04-29,60183528.0
2018-04-30,60183528.0
2018-05-01,60183528.0
2018-05-02,60183528.0
2018-05-03,60183528.0
2018-05-04,60183528.0
2018-05-05,60183528.0
2018-05-06,60183528.0
2018-05-07,60183528.0
2018-05-08,60183528.0
2018-05-09,60183528.0
2018-05-10,60183528.0
2018-05-11,60183528.0
2018-05-12,60183528.0
2018-05-13,60183528.0
2018-05-14,60183528.0
2018-05-15,60183528.0
2018-05-16,60183528.0
2018-05-17,60183528.0
2018-05-18,60183528.0
2018-05-19,60183528.0
2018-05-20,60183528.0
2018-05-21,60183528.0
2018-05-22,60183528.0
2018-05-23,60183528.0
2018-05-24,60183528.0
2018-05-25,60183528.0
2018-05-26,60183528.0
2018-05-27,60183528.0
2018-05-28,60183528.0
2018-05-29,60183528.0
2018-05-30,60183528.0
2018-05-31,60183528.0
2018-06-01,60183528.0
2018-06-02,60183528.0
2018-06-03,60183528.0
2018-06-04,60183528.0
2018-06-05,60183528.0
2018-06-06,60183528.0
2018-06-07,60183528.0
2018-06-08,60183528.0
2018-06-09,60183528.0
2018-06-10,60183060.0
2018-06-11,60183060.0
2018-06-12,60183060.0
2018-06-13,60183060.0
2018-06-14,60183060.0
2018-06-15,60183060.0
2018-06-16,60183060.0
2018-06-17,60183060.0
2018-06-18,60183060.0
2018-06-19,60183060.0
2018-06-20,60183060.0
2018-06-21,60183060.0
2018-06-22,60183060.0
2018-06-23,60183060.0
2018-06-24,60183060.0
2018-06-25,60183060.0
2018-06-26,60183060.0
2018-06-27,60183060.0
2018-06-28,60183060.0
2018-06-29,60183060.0
2018-06-30,60183060.0
2018-07-01,60183060.0
2018-07-02,60183060.0
2018-07-03,60183060.0
2018-07-04,60183060.0
2018-07-05,60183060.0
2018-07-06,60183060.0
2018-07-07,60183060.0
2018-07-08,60183060.0
2018-07-09,60183060.0
2018-07-10,60183060.0
2018-07-11,60183060.0
2018-07-12,60183060.0
2018-07-13,60183060.0
2018-07-14,60183060.0
2018-07-15,60183060.0
2018-07-16,60183060.0
2018-07-17,60183060.0
2018-07-18,60183060.0
2018-07-19,60183060.0
2018-07-20,60183060.0
2018-07-21,60183060.0
2018-07-22,60183060.0
2018-07-23,60183060.0
2018-07-24,60183060.0
2018-07-25,60183060.0
2018-07-26,60183060.0
2018-07-27,60183060.0
2018-07-28,60183060.0
2018-07-29,30146348.0
2018-07-30,30146348.0
2018-07-31,15127992.0
2018-08-01,15127992.0
2018-08-02,15127992.0
2018-08-03,15127992.0
2018-08-04,15127992.0
2018-08-05,15127992.0
2018-08-06,15127992.0
2018-08-07,15127992.0
2018-08-08,15127992.0
2018-08-09,15127992.0
2018-08-10,15127992.0
2018-08-11,15127992.0
2018-08-12,15127992.0
2018-08-13,15127992.0
2018-08-14,15127992.0
2018-08-15,15127992.0
2018-08-16,15127992.0
2018-08-17,15127992.0
2018-08-18,15127992.0
2018-08-19,15127992.0
2018-08-20,15127992.0
2018-08-21,15127992.0
2018-08-22,15127992.0
2018-08-23,15127992.0
2018-08-24,15127992.0
2018-08-25,15127992.0
2018-08-26,15127992.0
2018-08-27,15127992.0
2018-08-28,15127992.0
2018-08-29,15127992.0
2018-08-30,15127992.0
2018-08-31,15127992.0
2018-09-01,15127992.0
2018-09-02,15127992.0
2018-09-03,15127992.0
2018-09-04,15127992.0
2018-09-05,15127992.0
2018-09-06,25140229.0
2018-09-07,25140229.0
2018-09-08,25140229.0
2018-09-09,25140229.0
2018-09-10,25140229.0
2018-09-11,25140712.0
2018-09-12,25392059.0
2018-09-13,25391909.0
2018-09-14,25392288.0
2018-09-15,25392288.0
2018-09-16,25392288.0
2018-09-17,25392288.0
2018-09-18,25392985.0
2018-09-19,26695998.0
2018-09-20,26696474.0
2018-09-21,33244652.0
2018-09-22,36823225.0
2018-09-23,37324489.0
2018-09-24,37324489.0
2018-09-25,38337242.0
2018-09-26,38337244.0
2018-09-27,40453807.0
2018-09-28,42437155.0
2018-09-29,43376361.0
2018-09-30,43376612.0
2018-10-01,43376903.0
2018-10-02,45388458.0
2018-10-03,45388413.0
2018-10-04,56823466.0
2018-10-05,57993365.0
2018-10-06,61183499.0
2018-10-07,61183499.0
2018-10-08,61183499.0
2018-10-09,60182585.0
2018-10-10,61552634.0
2018-10-11,61360426.0
2018-10-12,61746551.0
2018-10-13,69255061.0
2018-10-14,71929080.0
2018-10-15,71929080.0
2018-10-16,95242214.0
2018-10-17,109711981.0
2018-10-18,122669962.0
2018-10-19,122417342.0
2018-10-20,135981661.0
2018-10-21,141215783.0
2018-10-22,141215783.0
2018-10-23,151222891.0
2018-10-24,217243483.0
2018-10-25,257103694.0
2018-10-26,256515556.0
2018-10-27,268778018.0
2018-10-28,268894610.0
2018-10-29,268869717.0
2018-10-30,267841333.0
2018-10-31,275451031.0
2018-11-01,272496133.0
2018-11-02,269210270.0
2018-11-03,292132330.0
2018-11-04,294058746.0
2018-11-05,294033663.0
2018-11-06,298266865.0
2018-11-07,297779746.0
2018-11-08,297547742.0
2018-11-09,298054794.0
2018-11-10,296708736.0
2018-11-11,296708736.0
2018-11-12,296021542.0
2018-11-13,292118872.0
2018-11-14,297041913.0
2018-11-15,298967249.0
2018-11-16,299882149.0
2018-11-17,302927985.0
2018-11-18,303953269.0
2018-11-19,304152930.0
2018-11-20,305428397.0
2018-11-21,319244243.0
2018-11-22,326123561.0
2018-11-23,328024067.0
2018-11-24,333262460.0
2018-11-25,332267337.0
2018-11-26,332211506.0
2018-11-27,328550723.0
2018-11-28,330659500.0
2018-11-29,334987955.0
2018-11-30,345832864.0
2018-12-01,367519554.0
2018-12-02,369084000.0
2018-12-03,369085003.0
2018-12-04,387312583.0
2018-12-05,378001146.0
2018-12-06,366256061.0
2018-12-07,374919630.0
2018-12-08,381748882.0
2018-12-09,385657551.0
2018-12-10,385820137.0
2018-12-11,387395091.0
2018-12-12,380981952.0
2018-12-13,376954688.0
2018-12-14,374938971.0
2018-12-15,381787156.0
2018-12-16,382039817.0
2018-12-17,382024207.0
2018-12-18,389327690.0
2018-12-19,389560576.0
2018-12-20,397844173.0
2018-12-21,401433768.0
2018-12-22,410390309.0
2018-12-23,410363120.0
2018-12-24,410339228.0
2018-12-25,409321624.0
2018-12-26,409367178.0
2018-12-27,406994581.0
2018-12-28,412902606.0
2018-12-29,413094578.0
2018-12-30,417643665.0
2018-12-31,417700790.0
2019-01-01,418703521.0
2019-01-02,426564735.0
2019-01-03,441434209.0
2019-01-04,445431052.0
2019-01-05,656909286.0
2019-01-06,657861456.0
2019-01-07,668087067.0
2019-01-08,678079079.0
2019-01-09,686145503.0
2019-01-10,703514342.0
2019-01-11,705507303.0
2019-01-12,714602946.0
2019-01-13,724437741.0
2019-01-14,731674142.0
2019-01-15,731738123.0
2019-01-16,729362227.0
2019-01-17,686093928.0
2019-01-18,686127155.0
2019-01-19,693185573.0
2019-01-20,697968355.0
2019-01-21,697915422.0
2019-01-22,699320589.0
2019-01-23,702324563.0
2019-01-24,683428650.0
2019-01-25,694331097.0
2019-01-26,695918449.0
2019-01-27,694057902.0
2019-01-28,699972824.0
2019-01-29,684559282.0
2019-01-30,679941688.0
2019-01-31,677980074.0
2019-02-01,656437527.0
2019-02-02,656405523.0
2019-02-03,654566639.0
2019-02-04,654848641.0
2019-02-05,643315124.0
2019-02-06,642871918.0
2019-02-07,640843963.0
2019-02-08,627132420.0
2019-02-09,611597009.0
2019-02-10,611475070.0
2019-02-11,610173405.0
2019-02-12,610558760.0
2019-02-13,609291859.0
2019-02-14,593576990.0
2019-02-15,594209465.0
2019-02-16,593853460.0
2019-02-17,593390804.0
2019-02-18,592819777.0
2019-02-19,591365386.0
2019-02-20,592981187.0
2019-02-21,592856781.0
2019-02-22,575529413.0
2019-02-23,607983505.0
2019-02-24,607429187.0
2019-02-25,606147704.0
2019-02-26,604917530.0
2019-02-27,607194119.0
2019-02-28,608018395.0
2019-03-01,604631800.0
2019-03-02,609457831.0
2019-03-03,614875880.0
2019-03-04,614066103.0
2019-03-05,617503191.0
2019-03-06,617183684.0
2019-03-07,616311266.0
2019-03-08,605705037.0
2019-03-09,611676177.0
2019-03-10,612117513.0
2019-03-11,612152961.0
2019-03-12,615786107.0
2019-03-13,617293944.0
2019-03-14,616581546.0
2019-03-15,617405906.0
2019-03-16,616504073.0
2019-03-17,616440390.0
2019-03-18,615168972.0
2019-03-19,619934631.0
2019-03-20,620783471.0
2019-03-21,620504007.0
2019-03-22,626348097.0
2019-03-23,627092805.0
2019-03-24,627265746.0
2019-03-25,627372647.0
2019-03-26,627569909.0
2019-03-27,626551023.0
2019-03-28,626906132.0
2019-03-29,624022441.0
2019-03-30,623555382.0
2019-03-31,623329180.0
2019-04-01,624879301.0
2019-04-02,626365738.0
2019-04-03,629623776.0
2019-04-04,629220955.0
2019-04-05,628933457.0
2019-04-06,630486890.0
2019-04-07,630698261.0
2019-04-08,630813921.0
2019-04-09,650072928.0
2019-04-10,666931817.0
2019-04-11,705608292.0
2019-04-12,709478062.0
2019-04-13,728760160.0
2019-04-14,724085121.0
2019-04-15,726583178.0
2019-04-16,745335594.0
2019-04-17,751906981.0
2019-04-18,805597016.0
2019-04-19,805350312.0
2019-04-20,816170940.0
2019-04-21,810791842.0
2019-04-22,823381930.0
2019-04-23,820431880.0
2019-04-24,885025413.0
2019-04-25,937207495.0
2019-04-26,993315656.0
2019-04-27,1004584996.0
2019-04-28,1043037039.0
2019-04-29,1045269039.0
2019-04-30,1065014750.0
2019-05-01,1074402139.0
2019-05-02,1083256383.0
2019-05-03,1094832693.0
2019-05-04,1108522301.0
2019-05-05,1114859897.0
2019-05-06,1118149292.0
2019-05-07,1124471295.0
2019-05-08,1128582141.0
2019-05-09,1137964063.0
2019-05-10,1079104013.0
2019-05-11,1091691954.0
2019-05-12,1092385725.0
2019-05-13,1094836870.0
2019-05-14,1116617022.0
2019-05-15,1114402458.0
2019-05-16,1124597074.0
2019-05-17,1131070007.0
2019-05-18,1134055734.0
2019-05-19,1137344847.0
2019-05-20,1141824590.0
2019-05-21,1161582545.0
2019-05-22,1187050786.0
2019-05-23,1202639552.0
2019-05-24,1219342854.0
2019-05-25,1260098111.0
2019-05-26,1279466774.0
2019-05-27,1289093841.0
2019-05-28,1295258842.0
2019-05-29,1306525492.0
2019-05-30,1330388464.0
2019-05-31,1302219329.0
2019-06-01,1316565783.0
2019-06-02,1320111779.0
2019-06-03,1319957173.0
2019-06-04,1328807069.0
2019-06-05,1340032591.0
2019-06-06,1369262153.0
2019-06-07,1400091041.0
2019-06-08,1414345017.0
2019-06-09,1414342543.0
2019-06-10,1416353655.0
2019-06-11,1455628105.0
2019-06-12,1487476353.0
2019-06-13,1532681290.0
2019-06-14,1553258375.0
2019-06-15,1574353049.0
2019-06-16,1585454749.0
2019-06-17,1607180551.0
2019-06-18,1629312263.0
2019-06-19,1635358836.0
2019-06-20,1632059715.0
2019-06-21,1647621758.0
2019-06-22,1660454763.0
2019-06-23,1661740776.0
2019-06-24,1676241607.0
2019-06-25,1666845035.0
2019-06-26,1684973417.0
2019-06-27,1685552006.0
2019-06-28,1705236168.0
2019-06-29,1736888606.0
2019-06-30,1766831761.0
2019-07-01,1766659769.0
2019-07-02,1786939452.0
2019-07-03,1806539915.0
2019-07-04,1863841156.0
2019-07-05,1899685625.0
2019-07-06,1950307325.0
2019-07-07,1968012843.0
2019-07-08,1977795200.0
2019-07-09,2034665675.0
2019-07-10,2069383596.0
2019-07-11,2072119461.0
2019-07-12,2113854593.0
2019-07-13,2206512996.0
2019-07-14,2214044635.0
2019-07-15,2219216423.0
2019-07-16,2246616182.0
2019-07-17,2283251496.0
2019-07-18,2329551684.0
2019-07-19,2364681803.0
2019-07-20,2323711618.0
2019-07-21,2324991117.0
2019-07-22,2333186278.0
2019-07-23,2338759545.0
2019-07-24,2336108179.0
2019-07-25,2357159682.0
2019-07-26,2363643120.0
2019-07-27,2363134240.0
2019-07-28,2372507685.0
2019-07-29,2378024208.0
2019-07-30,2406231589.0
2019-07-31,2410754774.0
2019-08-01,2419958837.0
2019-08-02,2417490079.0
2019-08-03,2401420674.0
2019-08-04,2410391794.0
2019-08-05,2418436211.0
2019-08-06,2497816143.0
2019-08-07,2497413192.0
2019-08-08,2489193612.0
2019-08-09,2481193249.0
2019-08-10,2457383264.0
2019-08-11,2461545925.0
2019-08-12,2467056340.0
2019-08-13,2461275948.0
2019-08-14,2444576386.0
2019-08-15,2446072127.0
2019-08-16,2437135233.0
2019-08-17,2445238088.0
2019-08-18,2445015652.0
2019-08-19,2445847972.0
2019-08-20,2449533081.0
2019-08-21,2444419632.0
2019-08-22,2466833722.0
2019-08-23,2468871948.0
2019-08-24,2476648054.0
2019-08-25,2475467081.0
2019-08-26,2477336460.0
2019-08-27,2473973485.0
2019-08-28,2467186991.0
2019-08-29,2472630448.0
2019-08-30,2502101640.0
2019-08-31,2511467561.0
2019-09-01,2510705598.0
2019-09-02,2509464862.0
2019-09-03,2514595784.0
2019-09-04,2540955138.0
2019-09-05,2533527300.0
2019-09-06,2573699148.0
2019-09-07,2601324872.0
2019-09-08,2603893504.0
2019-09-09,2600817246.0
2019-09-10,2596372411.0
2019-09-11,2604927130.0
2019-09-12,2603875368.0
2019-09-13,2911278009.0
2019-09-14,2917532448.0
2019-09-15,2920000939.0
2019-09-16,2919434953.0
2019-09-17,2908515981.0
2019-09-18,2895246296.0
2019-09-19,2878752569.0
2019-09-20,2877558425.0
2019-09-21,2867790725.0
2019-09-22,2867501777.0
2019-09-23,2869496457.0
2019-09-24,2875518005.0
2019-09-25,2895740485.0
2019-09-26,2928533593.0
2019-09-27,2925736458.0
2019-09-28,2937214128.0
2019-09-29,2944065164.0
2019-09-30,2949092827.0
2019-10-01,2961968568.0
2019-10-02,2986861529.0
2019-10-03,3015952498.0
2019-10-04,3047695165.0
2019-10-05,3052193752.0
2019-10-06,3052518669.0
2019-10-07,3074659130.0
2019-10-08,3079252133.0
2019-10-09,3078577267.0
2019-10-10,3082969846.0
2019-10-11,3093100019.0
2019-10-12,3108800791.0
2019-10-13,3108750721.0
2019-10-14,3111147223.0
2019-10-15,3107419491.0
2019-10-16,3110035712.0
2019-10-17,3109572740.0
2019-10-18,3127911639.0
2019-10-19,3139555506.0
2019-10-20,3148064516.0
2019-10-21,3178361515.0
2019-10-22,3184832131.0
2019-10-23,3187422946.0
2019-10-24,3277004889.0
2019-10-25,3377391920.0
2019-10-26,3322678641.0
2019-10-27,3328596049.0
2019-10-28,3326489823.0
2019-10-29,3321494318.0
2019-10-30,3646785192.0
2019-10-31,3656623069.0
2019-11-01,3625997711.0
2019-11-02,3624432295.0
2019-11-03,3638871951.0
2019-11-04,3639340876.0
2019-11-05,3627989710.0
2019-11-06,3649491290.0
2019-11-07,3635927613.0
2019-11-08,3631682455.0
2019-11-09,3618459051.0
2019-11-10,3618226228.0
2019-11-11,3617647752.0
2019-11-12,3616519417.0
2019-11-13,3610517707.0
2019-11-14,3609259705.0
2019-11-15,3599913225.0
2019-11-16,3594129579.0
2019-11-17,3597071878.0
2019-11-18,3596328282.0
2019-11-19,3590660116.0
2019-11-20,3597017502.0
2019-11-21,3593885270.0
2019-11-22,3624101848.0
2019-11-23,3645855979.0
2019-11-24,3621319569.0
2019-11-25,3627795274.0
2019-11-26,3671020542.0
2019-11-27,3671264954.0
2019-11-28,3687589972.0
2019-11-29,3682473291.0
2019-11-30,3693731139.0
2019-12-01,3696530497.0
2019-12-02,3699476293.0
2019-12-03,3738425545.0
2019-12-04,3733631184.0
2019-12-05,3761300671.0
2019-12-06,3757695207.0
2019-12-07,3769105002.0
2019-12-08,3777712068.0
2019-12-09,3779792302.0
2019-12-10,3816928349.0
2019-12-11,4068643525.0
2019-12-12,4046661970.0
2019-12-13,4052025718.0
2019-12-14,4046454853.0
2019-12-15,4047145798.0
2019-12-16,4048868790.0
2019-12-17,4058540792.0
2019-12-18,4060816610.0
2019-12-19,4093955951.0
2019-12-20,4142438731.0
2019-12-21,4170042610.0
2019-12-22,4163555060.0
2019-12-23,4164576755.0
2019-12-24,4175422499.0
2019-12-25,4170493520.0
2019-12-26,4173471024.0
2019-12-27,4165855978.0
2019-12-28,4169845518.0
2019-12-29,4165229806.0
2019-12-30,4167785868.0
2019-12-31,4172399815.0
2020-01-01,4171183915.0
2020-01-02,4172339379.0
2020-01-03,4168769725.0
2020-01-04,4193324261.0
2020-01-05,4137123797.0
2020-01-06,4138811588.0
2020-01-07,4147145106.0
2020-01-08,4110300439.0
2020-01-09,4089703708.0
2020-01-10,4078961038.0
2020-01-11,4052923921.0
2020-01-12,4055432960.0
2020-01-13,4056887646.0
2020-01-14,4041100723.0
2020-01-15,4035828789.0
2020-01-16,4045916230.0
2020-01-17,4057520908.0
2020-01-18,4044059679.0
2020-01-19,4045764506.0
2020-01-20,4045135509.0
2020-01-21,3979601466.0
2020-01-22,3974117961.0
2020-01-23,3985071486.0
2020-01-24,3933250767.0
2020-01-25,3933639612.0
2020-01-26,3932417113.0
2020-01-27,3933281366.0
2020-01-28,3933496661.0
2020-01-29,3942030907.0
2020-01-30,3953272278.0
2020-01-31,3958356055.0
2020-02-01,3962433755.0
2020-02-02,3966424992.0
2020-02-03,3963074763.0
2020-02-04,3963950453.0
2020-02-05,3861023441.0
2020-02-06,3854344291.0
2020-02-07,3884332026.0
2020-02-08,3881197384.0
2020-02-09,3888501162.0
2020-02-10,3932486893.0
2020-02-11,3908046443.0
2020-02-12,3934874497.0
2020-02-13,3974670544.0
2020-02-14,4006785837.0
2020-02-15,4033610027.0
2020-02-16,4029739457.0
2020-02-17,4035209885.0
2020-02-18,4053279478.0
2020-02-19,4070931452.0
2020-02-20,3796695487.0
2020-02-21,4098617285.0
2020-02-22,4142883609.0
2020-02-23,4123529166.0
2020-02-24,4140865286.0
2020-02-25,4141553337.0
2020-02-26,4150055264.0
2020-02-27,4165722675.0
2020-02-28,4172223347.0
2020-02-29,4190769964.0
2020-03-01,4191690797.0
2020-03-02,4189161338.0
2020-03-03,4205281865.0
2020-03-04,4218402221.0
2020-03-05,4229095591.0
2020-03-06,4436662662.0
2020-03-07,4462971237.0
2020-03-08,4476514974.0
2020-03-09,4496469542.0
2020-03-10,4531049606.0
2020-03-11,4536151938.0
2020-03-12,4612785351.0
2020-03-13,4745437408.0
2020-03-14,4785537278.0
2020-03-15,4830463416.0
2020-03-16,4896445432.0
2020-03-17,5060309695.0
2020-03-18,5201394956.0
2020-03-19,5296019973.0
2020-03-20,5447633278.0
2020-03-21,5513231689.0
2020-03-22,5538785124.0
2020-03-23,5539881007.0
2020-03-24,5596724423.0
2020-03-25,5756419973.0
2020-03-26,5874758564.0
2020-03-27,5932142248.0
2020-03-28,5998972498.0
2020-03-29,6024097601.0
2020-03-30,6027771357.0
2020-03-31,6113402985.0
2020-04-01,6160032555.0
2020-04-02,6272749029.0
2020-04-03,6359913845.0
2020-04-04,6377464484.0
2020-04-05,6387646132.0
2020-04-06,6387013874.0
2020-04-07,6429932878.0
2020-04-08,6456149836.0
2020-04-09,6476801209.0
2020-04-10,6491116171.0
2020-04-11,6503426303.0
2020-04-12,6527660526.0
2020-04-13,6561625875.0
2020-04-14,6643135738.0
2020-04-15,6787122641.0
2020-04-16,6830838369.0
2020-04-17,7074584851.0
2020-04-18,7141018315.0
2020-04-19,7143789232.0
2020-04-20,7158024948.0
2020-04-21,7223700550.0
2020-04-22,7309854340.0
2020-04-23,7400737225.0
2020-04-24,7504100513.0
2020-04-25,7502743073.0
2020-04-26,7517266719.0
2020-04-27,7602905074.0
2020-04-28,7805819804.0
2020-04-29,7983701398.0
2020-04-30,8143920164.0
2020-05-01,8024837892.0
2020-05-02,7998658229.0
2020-05-03,8011587590.0
2020-05-04,8099325070.0
2020-05-05,8116050210.0
2020-05-06,8230822373.0
2020-05-07,8375191755.0
2020-05-08,8541714136.0
2020-05-09,8682574402.0
2020-05-10,8765057586.0
2020-05-11,8851310919.0
2020-05-12,8944620363.0
2020-05-13,9027758313.0
2020-05-14,9253858176.0
2020-05-15,9207856564.0
2020-05-16,9205761553.0
2020-05-17,9206520041.0
2020-05-18,9208439573.0
2020-05-19,9210443940.0
2020-05-20,9201623701.0
2020-05-21,9204473681.0
2020-05-22,9195564989.0
2020-05-23,9298448898.0
2020-05-24,9294658776.0
2020-05-25,9310416585.0
2020-05-26,9318380386.0
2020-05-27,9311910121.0
2020-05-28,9325572013.0
2020-05-29,9340168071.0
2020-05-30,9326742248.0
2020-05-31,9430553460.0
2020-06-01,9420579850.0
2020-06-02,9610983960.0
2020-06-03,9623155467.0
2020-06-04,9639345709.0
2020-06-05,9641816960.0
2020-06-06,9639455771.0
2020-06-07,9647202538.0
2020-06-08,9650135576.0
2020-06-09,9649945777.0
2020-06-10,9748871082.0
2020-06-11,9760186155.0
2020-06-12,9745121301.0
2020-06-13,9857655172.0
2020-06-14,9869382633.0
2020-06-15,9862446626.0
2020-06-16,9850873313.0
2020-06-17,9959054328.0
2020-06-18,9983639433.0
2020-06-19,10038031837.0
2020-06-20,10115931993.0
2020-06-21,10151809496.0
2020-06-22,10177502554.0
2020-06-23,10175220897.0
2020-06-24,10132898799.0
2020-06-25,10132148885.0
2020-06-26,10139201066.0
2020-06-27,10138708402.0
2020-06-28,10172312313.0
2020-06-29,10179846210.0
2020-06-30,10464909057.0
2020-07-01,10478617630.0
2020-07-02,10519722643.0
2020-07-03,10514137616.0
2020-07-04,10566345014.0
2020-07-05,10574684856.0
2020-07-06,10583388328.0
2020-07-07,10598391480.0
2020-07-08,10607254229.0
2020-07-09,10644056469.0
2020-07-10,10638722857.0
2020-07-11,10637403154.0
2020-07-12,10662915962.0
2020-07-13,10656534279.0
2020-07-14,10624277242.0
2020-07-15,10696621410.0
2020-07-16,10702624483.0
2020-07-17,10694666439.0
2020-07-18,10712265501.0
2020-07-19,10750489750.0
2020-07-20,10799223983.0
2020-07-21,10832171170.0
2020-07-22,10892396567.0
2020-07-23,11138729461.0
2020-07-24,11199557803.0
2020-07-25,11388091816.0
2020-07-26,11387309351.0
2020-07-27,11458437593.0
2020-07-28,11506956081.0
2020-07-29,11902094976.0
2020-07-30,11925883644.0
2020-07-31,11929656481.0
2020-08-01,12206135172.0
2020-08-02,12305199346.0
2020-08-03,12321056419.0
2020-08-04,12315595944.0
2020-08-05,12382296338.0
2020-08-06,12602690592.0
2020-08-07,12725718176.0
2020-08-08,12791970866.0
2020-08-09,12865109113.0
2020-08-10,12866238574.0
2020-08-11,13266796900.0
2020-08-12,13384573623.0
2020-08-13,13419407958.0
2020-08-14,13560443027.0
2020-08-15,13696513237.0
2020-08-16,13709812502.0
2020-08-17,13948307805.0
2020-08-18,14185943550.0
2020-08-19,14242587664.0
2020-08-20,13312264516.0
2020-08-21,14377280507.0
2020-08-22,14525517730.0
2020-08-23,14574235530.0
2020-08-24,14618058697.0
2020-08-25,14582106081.0
2020-08-26,14840037818.0
2020-08-27,14869148166.0
2020-08-28,15136123779.0
2020-08-29,15173552803.0
2020-08-30,15219699281.0
2020-08-31,15229622629.0
2020-09-01,15454752297.0
2020-09-02,15627769355.0
2020-09-03,15914117084.0
2020-09-04,15996281883.0
2020-09-05,16177850596.0
2020-09-06,16245169490.0
2020-09-07,16297186060.0
2020-09-08,16617831753.0
2020-09-09,16609590260.0
2020-09-10,16956529513.0
2020-09-11,17047978951.0
2020-09-12,17140146086.0
2020-09-13,17217716624.0
2020-09-14,17547824204.0
2020-09-15,16682196483.0
2020-09-16,17837172829.0
2020-09-17,18096078405.0
2020-09-18,18321056643.0
2020-09-19,18443393740.0
2020-09-20,18737688112.0
2020-09-21,18806380362.0
2020-09-22,18877498690.0
2020-09-23,18901194918.0
2020-09-24,18983647581.0
2020-09-25,19055679689.0
2020-09-26,19084642775.0
2020-09-27,19171242477.0
2020-09-28,19217980642.0
2020-09-29,19133962443.0
2020-09-30,19138106723.0
2020-10-01,19156439640.0
2020-10-02,19300546692.0
2020-10-03,19383559079.0
2020-10-04,19433075470.0
2020-10-05,19453063395.0
2020-10-06,19467748855.0
2020-10-07,19501502572.0
2020-10-08,19522931419.0
2020-10-09,19792431982.0
2020-10-10,19875495997.0
2020-10-11,19925397677.0
2020-10-12,19944727591.0
2020-10-13,19973783984.0
2020-10-14,19936185227.0
2020-10-15,19927674265.0
2020-10-16,19916198436.0
2020-10-17,19890027125.0
2020-10-18,19891743820.0
2020-10-19,19929271372.0
2020-10-20,20064650565.0
2020-10-21,20389627147.0
2020-10-22,20488490193.0
2020-10-23,20594543649.0
2020-10-24,20559650970.0
2020-10-25,20601293939.0
2020-10-26,20635495257.0
2020-10-27,20719921165.0
2020-10-28,20745781790.0
2020-10-29,20891943400.0
2020-10-30,20930666731.0
2020-10-31,21080976366.0
2020-11-01,21125852107.0
2020-11-02,21143905296.0
2020-11-03,21132993443.0
2020-11-04,21261485626.0
2020-11-05,21219903867.0
2020-11-06,21503456729.0
2020-11-07,21614735702.0
2020-11-08,21652844614.0
2020-11-09,21640125788.0
2020-11-10,21580233258.0
2020-11-11,21747579369.0
2020-11-12,21948248345.0
2020-11-13,22121857008.0
2020-11-14,22137864088.0
2020-11-15,22178391252.0
2020-11-16,22183838988.0
2020-11-17,22320936709.0
2020-11-18,22258984790.0
2020-11-19,22269275090.0
2020-11-20,22451878622.0
2020-11-21,22851127596.0
2020-11-22,22907770569.0
2020-11-23,22974804153.0
2020-11-24,23134694060.0
2020-11-25,23353809185.0
2020-11-26,23346183994.0
2020-11-27,23320687065.0
2020-11-28,23308881987.0
2020-11-29,23457381218.0
2020-11-30,23473564152.0
2020-12-01,23907067901.0
2020-12-02,24102231345.0
2020-12-03,24138061667.0
2020-12-04,24159086380.0
2020-12-05,24368308803.0
2020-12-06,24389570816.0
2020-12-07,24431872406.0
2020-12-08,24355773755.0
2020-12-09,24352273067.0
2020-12-10,24344895953.0
2020-12-11,24492026928.0
2020-12-12,24527459192.0
2020-12-13,24651537359.0
2020-12-14,24703535274.0
2020-12-15,24643883546.0
2020-12-16,24873848920.0
2020-12-17,25004364728.0
2020-12-18,25033418431.0
2020-12-19,25273845682.0
2020-12-20,25416578727.0
2020-12-21,25383259795.0
2020-12-22,25507472928.0
2020-12-23,25480773075.0
2020-12-24,25735706191.0
2020-12-25,26038924754.0
2020-12-26,26070926684.0
2020-12-27,26095323287.0
2020-12-28,26124859086.0
2020-12-29,26365674513.0
2020-12-30,26404629421.0
2020-12-31,26666229036.0
2021-01-01,27027610396.0
2021-01-02,27924666605.0
2021-01-03,28773377266.0
2021-01-04,28870279932.0
2021-01-05,28829658710.0
2021-01-06,29766339977.0
2021-01-07,30652454034.0
2021-01-08,30662986068.0
2021-01-09,31581011396.0
2021-01-10,31974676589.0
2021-01-11,31779472895.0
2021-01-12,31994993634.0
2021-01-13,32221942197.0
2021-01-14,32236532417.0
2021-01-15,32319618634.0
2021-01-16,32410612426.0
2021-01-17,32678149291.0
2021-01-18,32668842306.0
2021-01-19,33257592166.0
2021-01-20,33185193750.0
2021-01-21,33424909155.0
2021-01-22,33494136763.0
2021-01-23,33756116481.0
2021-01-24,33853882457.0
2021-01-25,34006301241.0
2021-01-26,33926189679.0
2021-01-27,34340389743.0
2021-01-28,34898139735.0
2021-01-29,35567401881.0
2021-01-30,36046254688.0
2021-01-31,36105763707.0
2021-02-01,36675760791.0
2021-02-02,36538826299.0
2021-02-03,35151069330.0
2021-02-04,37791929846.0
2021-02-05,38438412488.0
2021-02-06,39561414053.0
2021-02-07,39622996205.0
2021-02-08,41078245704.0
2021-02-09,41550499561.0
2021-02-10,42525975586.0
2021-02-11,42916613499.0
2021-02-12,43063425644.0
2021-02-13,44276702333.0
2021-02-14,44629183146.0
2021-02-15,44682748876.0
2021-02-16,45256970675.0
2021-02-17,46337944864.0
2021-02-18,46394533059.0
2021-02-19,46991855524.0
2021-02-20,48531325554.0
2021-02-21,48855278120.0
2021-02-22,48828463234.0
2021-02-23,48874011658.0
2021-02-24,48971127846.0
2021-02-25,49583781659.0
2021-02-26,49252709370.0
2021-02-27,49943079950.0
2021-02-28,49580444816.0
2021-03-01,51190810710.0
2021-03-02,51577282875.0
2021-03-03,52889283668.0
2021-03-04,52430093056.0
2021-03-05,52890798197.0
2021-03-06,52863229866.0
2021-03-07,52898598318.0
2021-03-08,53241546938.0
2021-03-09,53003203536.0
2021-03-10,54339868324.0
2021-03-11,54436403563.0
2021-03-12,54868357853.0
2021-03-13,54961373744.0
2021-03-14,55099434863.0
2021-03-15,56068126738.0
2021-03-16,55676022942.0
2021-03-17,56148328916.0
2021-03-18,56535858202.0
2021-03-19,56641017047.0
2021-03-20,56969073745.0
2021-03-21,58091434249.0
2021-03-22,58342559143.0
2021-03-23,58374507424.0
2021-03-24,58302725918.0
2021-03-25,58248190960.0
2021-03-26,58422027154.0
2021-03-27,59782325465.0
2021-03-28,59939195261.0
2021-03-29,60353931183.0
2021-03-30,60022631033.0
2021-03-31,60305937799.0
2021-04-01,61382814239.0
2021-04-02,61733485682.0
2021-04-03,62178499008.0
2021-04-04,64531099020.0
2021-04-05,64770642267.0
2021-04-06,66021348499.0
2021-04-07,65996729274.0
2021-04-08,66720035267.0
2021-04-09,67229980089.0
2021-04-10,67514742367.0
2021-04-11,67518332930.0
2021-04-12,68716985514.0
2021-04-13,68452221384.0
2021-04-14,70831849236.0
2021-04-15,71273653840.0
2021-04-16,71867453566.0
2021-04-17,73635212560.0
2021-04-18,74682988900.0
2021-04-19,77525031675.0
2021-04-20,77357190619.0
2021-04-21,78394019184.0
2021-04-22,78587234582.0
2021-04-23,78759114736.0
2021-04-24,78884465657.0
2021-04-25,79070315004.0
2021-04-26,79708946925.0
2021-04-27,79976974654.0
2021-04-28,79800215971.0
2021-04-29,80634857523.0
2021-04-30,80279319547.0
2021-05-01,81384539380.0
2021-05-02,81710583274.0
2021-05-03,82879299720.0
2021-05-04,83328330045.0
2021-05-05,85731355128.0
2021-05-06,86113890212.0
2021-05-07,86651039991.0
2021-05-08,86822804614.0
2021-05-09,87060422634.0
2021-05-10,88357994704.0
2021-05-11,89681536205.0
2021-05-12,90825080697.0
2021-05-13,90691245364.0
2021-05-14,90163611187.0
2021-05-15,90838469080.0
2021-05-16,90987755479.0
2021-05-17,91450642654.0
2021-05-18,92994342776.0
2021-05-19,92597071312.0
2021-05-20,91149759418.0
2021-05-21,93174625303.0
2021-05-22,95444141087.0
2021-05-23,96036245693.0
2021-05-24,97438040224.0
2021-05-25,98057033442.0
2021-05-26,98196880671.0
2021-05-27,98961264891.0
2021-05-28,100450267062.0
2021-05-29,100689268388.0
2021-05-30,100345644537.0
2021-05-31,98526029475.0
2021-06-01,101778010537.0
2021-06-02,102259934510.0
2021-06-03,102501310091.0
2021-06-04,102946666781.0
2021-06-05,102969428788.0
2021-06-06,103294187173.0
2021-06-07,103625117183.0
2021-06-08,103341144177.0
2021-06-09,103653262124.0
2021-06-10,103976685858.0
2021-06-11,103881258962.0
2021-06-12,104032221451.0
2021-06-13,104365968717.0
2021-06-14,104472757878.0
2021-06-15,104531052305.0
2021-06-16,104688001301.0
2021-06-17,104076508100.0
2021-06-18,104480451739.0
2021-06-19,104651040811.0
2021-06-20,104845049048.0
2021-06-21,105320754900.0
2021-06-22,104819230140.0
2021-06-23,105760575612.0
2021-06-24,106163241532.0
2021-06-25,106132252002.0
2021-06-26,106251685062.0
2021-06-27,106519141500.0
2021-06-28,106652668887.0
2021-06-29,106099364113.0
2021-06-30,105859465178.0
2021-07-01,106168700993.0
2021-07-02,106417793754.0
2021-07-03,107099476306.0
2021-07-04,107051172963.0
2021-07-05,106604855677.0
2021-07-06,107287641027.0
2021-07-07,107511459731.0
2021-07-08,107396641180.0
2021-07-09,107891655401.0
2021-07-10,107963723806.0
2021-07-11,108026850423.0
2021-07-12,107830465953.0
2021-07-13,108043339149.0
2021-07-14,108343330348.0
2021-07-15,109142295775.0
2021-07-16,108590522105.0
2021-07-17,107911875892.0
2021-07-18,108295487911.0
2021-07-19,108582449672.0
2021-07-20,108270572377.0
2021-07-21,108574116594.0
2021-07-22,109089046288.0
2021-07-23,108988716262.0
2021-07-24,109206407287.0
2021-07-25,109468520417.0
2021-07-26,109715417672.0
2021-07-27,109822827932.0
2021-07-28,110198956294.0
2021-07-29,109829911693.0
2021-07-30,110064568722.0
2021-07-31,110549310569.0
2021-08-01,110176897235.0
2021-08-02,110199202364.0
2021-08-03,110141981161.0
2021-08-04,110476850340.0
2021-08-05,108648729463.0
2021-08-06,109292844622.0
2021-08-07,109518912715.0
2021-08-08,110825405970.0
2021-08-09,110919466612.0
2021-08-10,110836017861.0
2021-08-11,110464616546.0
2021-08-12,110740760025.0
2021-08-13,110697289402.0
2021-08-14,110513201764.0
2021-08-15,111588404136.0
2021-08-16,111678249155.0
2021-08-17,111394076333.0
2021-08-18,111328946029.0
2021-08-19,111621155927.0
2021-08-20,112297378680.0
2021-08-21,112456436056.0
2021-08-22,112304389766.0
2021-08-23,113817079512.0
2021-08-24,111450987717.0
2021-08-25,113473468992.0
2021-08-26,113360142817.0
2021-08-27,113106032389.0
2021-08-28,113652120948.0
2021-08-29,113656902781.0
2021-08-30,113655503541.0
2021-08-31,113463298352.0
2021-09-01,114068541662.0
2021-09-02,114187700421.0
2021-09-03,115209547723.0
2021-09-04,115301701011.0
2021-09-05,115223935900.0
2021-09-06,116550585689.0
2021-09-07,118391691094.0
2021-09-08,118930759718.0
2021-09-09,119182963209.0
2021-09-10,119430870814.0
2021-09-11,118814657907.0
2021-09-12,119130906604.0
2021-09-13,119458869422.0
2021-09-14,118954207716.0
2021-09-15,119242675331.0
2021-09-16,119249360678.0
2021-09-17,119386718067.0
2021-09-18,119749415711.0
2021-09-19,119749576378.0
2021-09-20,119891695669.0
2021-09-21,119274460081.0
2021-09-22,118730455828.0
2021-09-23,120024706399.0
2021-09-24,120964522238.0
2021-09-25,121278538380.0
2021-09-26,121705139559.0
2021-09-27,122048227387.0
2021-09-28,121128889926.0
2021-09-29,121230852876.0
2021-09-30,121728006143.0
2021-10-01,121826210890.0
2021-10-02,122141763796.0
2021-10-03,122353328907.0
2021-10-04,122570856548.0
2021-10-05,122529422463.0
2021-10-06,122974441459.0
2021-10-07,122795391677.0
2021-10-08,123223534155.0
2021-10-09,123569321410.0
2021-10-10,123872892075.0
2021-10-11,123835587268.0
2021-10-12,124382367299.0
2021-10-13,123867927204.0
2021-10-14,124379613167.0
2021-10-15,124603946941.0
2021-10-16,124545607904.0
2021-10-17,124511911527.0
2021-10-18,124698686675.0
2021-10-19,124226292302.0
2021-10-20,124318241750.0
2021-10-21,124676666143.0
2021-10-22,124367976926.0
2021-10-23,124832324150.0
2021-10-24,125039262870.0
2021-10-25,124938882329.0
2021-10-26,125080301397.0
2021-10-27,124699546493.0
2021-10-28,125340519439.0
2021-10-29,125868529161.0
2021-10-30,126371545348.0
2021-10-31,126810737213.0
2021-11-01,126670452753.0
2021-11-02,127966550292.0
2021-11-03,128965395922.0
2021-11-04,128947904749.0
2021-11-05,130292492954.0
2021-11-06,131407573714.0
2021-11-07,131449524058.0
2021-11-08,132834867170.0
2021-11-09,131693610892.0
2021-11-10,134072212181.0
2021-11-11,134170390750.0
2021-11-12,133689197311.0
2021-11-13,134011649763.0
2021-11-14,134116524714.0
2021-11-15,134765766720.0
2021-11-16,133767902430.0
2021-11-17,134639664389.0
2021-11-18,135547545487.0
2021-11-19,135276456249.0
2021-11-20,136535977216.0
2021-11-21,136929616698.0
2021-11-22,136774911146.0
2021-11-23,136247555250.0
2021-11-24,136630781027.0
2021-11-25,137395145086.0
2021-11-26,138296896973.0
2021-11-27,138703728372.0
2021-11-28,138997816688.0
2021-11-29,139165837395.0
2021-11-30,138561593094.0
2021-12-01,139064230834.0
2021-12-02,139714323989.0
2021-12-03,139623816061.0
2021-12-04,140687633875.0
2021-12-05,142176685907.0
2021-12-06,142956696698.0
2021-12-07,143708836389.0
2021-12-08,144316265327.0
2021-12-09,142556485920.0
2021-12-10,144739056675.0
2021-12-11,144987781454.0
2021-12-12,145689270217.0
2021-12-13,145826290284.0
2021-12-14,145445670411.0
2021-12-15,147423581459.0
2021-12-16,147353248085.0
2021-12-17,147638860326.0
2021-12-18,147625239321.0
2021-12-19,148140794729.0
2021-12-20,148027111801.0
2021-12-21,148829806966.0
2021-12-22,149115488338.0
2021-12-23,147744707165.0
2021-12-24,148412628327.0
2021-12-25,148410718044.0
2021-12-26,148349981334.0
2021-12-27,149484640825.0
2021-12-28,149314950404.0
2021-12-29,149286100391.0
2021-12-30,149230156002.0
2021-12-31,150087869346.0
2022-01-01,149520584179.0
2022-01-02,147580783001.0
2022-01-03,147133296376.0
2022-01-04,147282706898.0
2022-01-05,146899769359.0
2022-01-06,147188325441.0
2022-01-07,146310711591.0
2022-01-08,146951533932.0
2022-01-09,146256961910.0
2022-01-10,146421772822.0
2022-01-11,146869733401.0
2022-01-12,147144964107.0
2022-01-13,147973218343.0
2022-01-14,148264088382.0
2022-01-15,148731292924.0
2022-01-16,148666059050.0
2022-01-17,148797868256.0
2022-01-18,148978369185.0
2022-01-19,148961027437.0
2022-01-20,149428620832.0
2022-01-21,149415049354.0
2022-01-22,147789022822.0
2022-01-23,150207944513.0
2022-01-24,150182960396.0
2022-01-25,150556824462.0
2022-01-26,150778709884.0
2022-01-27,151463718425.0
2022-01-28,151897962145.0
2022-01-29,151309330157.0
2022-01-30,151923470383.0
2022-01-31,151760477256.0
2022-02-01,152023514503.0
2022-02-02,152513752938.0
2022-02-03,153135117358.0
2022-02-04,153973723944.0
2022-02-05,155353501659.0
2022-02-06,154443890128.0
2022-02-07,154715940636.0
2022-02-08,155373362679.0
2022-02-09,156135356152.0
2022-02-10,157610115238.0
2022-02-11,157889819448.0
2022-02-12,158324573605.0
2022-02-13,158138159348.0
2022-02-14,158058336247.0
2022-02-15,157879892232.0
2022-02-16,158334174374.0
2022-02-17,158129028860.0
2022-02-18,157943611059.0
2022-02-19,158457122060.0
2022-02-20,158686465659.0
2022-02-21,159366288932.0
2022-02-22,159477105638.0
2022-02-23,159637458332.0
2022-02-24,159874859692.0
2022-02-25,159818179113.0
2022-02-26,159739500013.0
2022-02-27,159945225455.0
2022-02-28,160020726800.0
2022-03-01,159839049832.0
2022-03-02,159621994807.0
2022-03-03,159560257967.0
2022-03-04,158719404711.0
2022-03-05,158849885328.0
2022-03-06,158947625342.0
2022-03-07,159822453743.0
2022-03-08,159625072277.0
2022-03-09,159485391426.0
2022-03-10,159492978427.0
2022-03-11,159831417043.0
2022-03-12,159444858679.0
2022-03-13,159567217737.0
2022-03-14,159643547227.0
2022-03-15,159440093514.0
2022-03-16,159313270233.0
2022-03-17,159623650510.0
2022-03-18,159755270069.0
2022-03-19,159938621737.0
2022-03-20,159891504018.0
2022-03-21,159947274465.0
2022-03-22,159796985482.0
2022-03-23,160179502881.0
2022-03-24,159792916089.0
2022-03-25,159867343317.0
2022-03-26,159197760310.0
2022-03-27,159400876852.0
2022-03-28,159543269108.0
2022-03-29,159108789531.0
2022-03-30,160554900917.0
2022-03-31,160527158117.0
2022-04-01,160464958806.0
2022-04-02,160771810212.0
2022-04-03,160366838836.0
2022-04-04,160367187155.0
2022-04-05,160198645360.0
2022-04-06,160074144139.0
2022-04-07,159547937991.0
2022-04-08,159168829365.0
2022-04-09,159456135108.0
2022-04-10,159865224875.0
2022-04-11,159268753580.0
2022-04-12,158812337646.0
2022-04-13,158492360964.0
2022-04-14,158044156032.0
2022-04-15,157913892734.0
2022-04-16,157753400973.0
2022-04-17,157758360666.0
2022-04-18,157682845226.0
2022-04-19,157268186295.0
2022-04-20,157297403166.0
2022-04-21,157264990399.0
2022-04-22,157427273236.0
2022-04-23,157630451226.0
2022-04-24,157753565786.0
2022-04-25,157452144514.0
2022-04-26,157602615693.0
2022-04-27,157189749907.0
2022-04-28,157209761211.0
2022-04-29,157232578257.0
2022-04-30,157393455329.0
2022-05-01,157536410745.0
2022-05-02,157302854432.0
2022-05-03,157009193804.0
2022-05-04,156874821784.0
2022-05-05,156527973669.0
2022-05-06,156274313583.0
2022-05-07,155898337935.0
2022-05-08,156211307360.0
2022-05-09,156334750244.0
2022-05-10,155354681694.0
2022-05-11,154355338004.0
2022-05-12,155904792600.0
2022-05-13,154485159161.0
2022-05-14,152993046081.0
2022-05-15,152463647811.0
2022-05-16,152556073154.0
2022-05-17,154144834142.0
2022-05-18,152917101020.0
2022-05-19,153315394943.0
2022-05-20,153894785067.0
2022-05-21,153183391271.0
2022-05-22,153204664829.0
2022-05-23,153268324958.0
2022-05-24,153384937126.0
2022-05-25,153570602303.0
2022-05-26,153653411660.0
2022-05-27,153223222974.0
2022-05-28,154026271971.0
2022-05-29,154176083205.0
2022-05-30,154148961707.0
2022-05-31,154559447668.0
2022-06-01,155126060334.0
2022-06-02,155198534848.0
2022-06-03,155222552652.0
2022-06-04,155186920783.0
2022-06-05,155179778181.0
2022-06-06,155205851678.0
2022-06-07,155179569003.0
2022-06-08,155081446385.0
2022-06-09,155043735456.0
2022-06-10,155076748303.0
2022-06-11,154616371326.0
2022-06-12,154350129037.0
2022-06-13,154084490973.0
2022-06-14,153309453355.0
2022-06-15,152151831151.0
2022-06-16,151402839217.0
2022-06-17,150891363898.0
2022-06-18,150346819874.0
2022-06-19,150435247812.0
2022-06-20,150225454689.0
2022-06-21,149663942364.0
2022-06-22,149775388104.0
2022-06-23,149631099889.0
2022-06-24,149338017180.0
2022-06-25,149358240542.0
2022-06-26,149583838619.0
2022-06-27,149573427543.0
2022-06-28,149532933671.0
2022-06-29,149283492218.0
2022-06-30,149170640061.0
2022-07-01,149090677352.0
2022-07-02,149357997399.0
2022-07-03,149345016460.0
2022-07-04,149227169271.0
2022-07-05,149274223400.0
2022-07-06,149168596750.0
2022-07-07,148933148705.0
2022-07-08,148706675176.0
2022-07-09,148864271489.0
2022-07-10,148885191732.0
2022-07-11,148770048218.0
2022-07-12,148935045998.0
2022-07-13,148650068385.0
2022-07-14,148652431036.0
2022-07-15,148731385666.0
2022-07-16,148187893426.0
2022-07-17,148251220625.0
2022-07-18,148347525428.0
2022-07-19,148610650888.0
2022-07-20,148575284581.0
2022-07-21,148969261751.0
2022-07-22,148972226909.0
2022-07-23,149120919086.0
2022-07-24,149222047222.0
2022-07-25,149205782180.0
2022-07-26,149199699651.0
2022-07-27,149137879133.0
2022-07-28,149215480198.0
2022-07-29,149019795178.0
2022-07-30,149138071632.0
2022-07-31,149144304564.0
2022-08-01,149146074763.0
2022-08-02,149513258789.0
2022-08-03,149485190210.0
2022-08-04,149457117491.0
2022-08-05,149387926579.0
2022-08-06,149561197919.0
2022-08-07,149575016169.0
2022-08-08,149493569648.0
2022-08-09,149270968601.0
2022-08-10,149382006701.0
2022-08-11,149510840917.0
2022-08-12,149466484085.0
2022-08-13,149303017821.0
2022-08-14,149545258027.0
2022-08-15,149481918526.0
2022-08-16,149787669454.0
2022-08-17,149672450229.0
2022-08-18,149644218122.0
2022-08-19,149447172924.0
2022-08-20,149386882054.0
2022-08-21,149136922097.0
2022-08-22,149076681686.0
2022-08-23,148811652508.0
2022-08-24,148906676254.0
2022-08-25,148907782886.0
2022-08-26,148946837746.0
2022-08-27,149134936374.0
2022-08-28,149208360481.0
2022-08-29,148983277500.0
2022-08-30,149135882742.0
2022-08-31,149460998963.0
2022-09-01,149249594764.0
2022-09-02,149203755918.0
2022-09-03,149039932906.0
2022-09-04,149072780061.0
2022-09-05,148921180747.0
2022-09-06,148828104892.0
2022-09-07,148848346940.0
2022-09-08,148950720657.0
2022-09-09,149110846747.0
2022-09-10,149232539979.0
2022-09-11,149340300598.0
2022-09-12,149332863827.0
2022-09-13,149292805941.0
2022-09-14,149336233341.0
2022-09-15,148985040362.0
2022-09-16,148725416084.0
2022-09-17,148596169867.0
2022-09-18,148643994671.0
2022-09-19,148611211789.0
2022-09-20,148758697093.0
2022-09-21,149015508390.0
2022-09-22,148853468766.0
2022-09-23,148847381813.0
2022-09-24,148638660560.0
2022-09-25,148592638060.0
2022-09-26,148320082080.0
2022-09-27,148211061579.0
2022-09-28,148109116633.0
2022-09-29,147616896199.0
2022-09-30,147233079906.0
2022-10-01,146023260214.0
2022-10-02,146031364506.0
2022-10-03,146059280984.0
2022-10-04,145853080475.0
2022-10-05,145816194261.0
2022-10-06,145888319284.0
2022-10-07,145929056552.0
2022-10-08,146133658629.0
2022-10-09,146148028662.0
2022-10-10,146141724136.0
2022-10-11,145945785330.0
2022-10-12,145836201796.0
2022-10-13,145324043738.0
2022-10-14,144909171430.0
2022-10-15,144512234789.0
2022-10-16,144497650596.0
2022-10-17,144427515014.0
2022-10-18,144239734163.0
2022-10-19,144142724622.0
2022-10-20,144070050819.0
2022-10-21,143656585155.0
2022-10-22,143455246058.0
2022-10-23,143519516914.0
2022-10-24,143546873493.0
2022-10-25,143205426112.0
2022-10-26,143091848368.0
2022-10-27,143267405377.0
2022-10-28,143166638804.0
2022-10-29,143279991751.0
2022-10-30,143385871651.0
2022-10-31,143485345774.0
2022-11-01,143061374496.0
2022-11-02,143072905205.0
2022-11-03,142942023283.0
2022-11-04,143072846199.0
2022-11-05,143245400543.0
2022-11-06,143291193231.0
2022-11-07,143657840377.0
2022-11-08,144676072515.0
2022-11-09,145004407465.0
2022-11-10,143332883167.0
2022-11-11,143779048653.0
2022-11-12,143643312142.0
2022-11-13,142940793461.0
2022-11-14,142823263108.0
2022-11-15,142651631583.0
2022-11-16,142732188531.0
2022-11-17,142312725223.0
2022-11-18,141953074085.0
2022-11-19,142139776889.0
2022-11-20,142150743303.0
2022-11-21,142215949329.0
2022-11-22,141359449975.0
2022-11-23,141368430227.0
2022-11-24,140726335515.0
2022-11-25,140975626668.0
2022-11-26,140676379986.0
2022-11-27,140856879778.0
2022-11-28,140848443628.0
2022-11-29,139833863692.0
2022-11-30,139207117360.0
2022-12-01,139059126716.0
2022-12-02,138891742492.0
2022-12-03,139180319891.0
2022-12-04,139349889516.0
2022-12-05,139454417056.0
2022-12-06,139201192948.0
2022-12-07,139061691360.0
2022-12-08,138935715490.0
2022-12-09,138906867667.0
2022-12-10,138835383526.0
2022-12-11,139149569286.0
2022-12-12,139271544557.0
2022-12-13,138977230322.0
2022-12-14,138603711117.0
2022-12-15,138396537643.0
2022-12-16,138438403982.0
2022-12-17,137986173549.0
2022-12-18,138156490023.0
2022-12-19,138183878945.0
2022-12-20,137827374703.0
2022-12-21,137558795632.0
2022-12-22,137338055008.0
2022-12-23,137193844916.0
2022-12-24,136693023932.0
2022-12-25,136749897955.0
2022-12-26,136758272444.0
2022-12-27,136747358193.0
2022-12-28,136278969796.0
2022-12-29,136298569290.0
2022-12-30,136207361783.0
2022-12-31,136087027201.0
2023-01-01,135987875861.0
2023-01-02,136085351899.0
2023-01-03,136084770164.0
2023-01-04,135762786380.0
2023-01-05,135707174883.0
2023-01-06,135415014019.0
2023-01-07,135110750307.0
2023-01-08,135245882263.0
2023-01-09,135194117210.0
2023-01-10,134947423508.0
2023-01-11,135122202231.0
2023-01-12,135192280219.0
2023-01-13,135291169056.0
2023-01-14,135042129402.0
2023-01-15,135230048079.0
2023-01-16,135403395307.0
2023-01-17,135319379317.0
2023-01-18,134864649203.0
2023-01-19,134752990562.0
2023-01-20,134705483617.0
2023-01-21,134890446888.0
2023-01-22,135171774493.0
2023-01-23,135270976330.0
2023-01-24,135107032936.0
2023-01-25,135124316582.0
2023-01-26,135404289381.0
2023-01-27,135578069088.0
2023-01-28,135402086667.0
2023-01-29,135557516847.0
2023-01-30,135505935586.0
2023-01-31,135158232871.0
2023-02-01,135240153652.0
2023-02-02,135184224159.0
2023-02-03,135441656070.0
2023-02-04,135153370780.0
2023-02-05,135169058729.0
2023-02-06,135207445796.0
2023-02-07,135091871925.0
2023-02-08,134892876497.0
2023-02-09,134763134771.0
2023-02-10,134624018742.0
2023-02-11,134647083509.0
2023-02-12,134647207782.0
2023-02-13,134590038081.0
2023-02-14,134713799714.0
2023-02-15,134623494080.0
2023-02-16,134237461218.0
2023-02-17,134368728205.0
2023-02-18,134316235097.0
2023-02-19,134338366240.0
2023-02-20,134391792368.0
2023-02-21,134057188769.0
2023-02-22,133824457115.0
2023-02-23,133567116742.0
2023-02-24,133426435403.0
2023-02-25,133419311820.0
2023-02-26,133540238770.0
2023-02-27,133465327409.0
2023-02-28,133169621362.0
2023-03-01,133054810668.0
2023-03-02,132887237954.0
2023-03-03,133071236268.0
2023-03-04,133111744680.0
2023-03-05,133203076779.0
2023-03-06,133272391836.0
2023-03-07,133026331081.0
2023-03-08,133054080076.0
2023-03-09,132960500385.0
2023-03-10,132982919613.0
2023-03-11,132678659573.0
2023-03-12,130069402237.0
2023-03-13,133579093788.0
2023-03-14,132251081768.0
2023-03-15,131118898655.0
2023-03-16,131465591728.0
2023-03-17,131558419755.0
2023-03-18,131546739164.0
2023-03-19,131929753729.0
2023-03-20,131647359997.0
2023-03-21,131955443402.0
2023-03-22,131790459225.0
2023-03-23,131644060644.0
2023-03-24,131826552344.0
2023-03-25,132138817982.0
2023-03-26,132269891204.0
2023-03-27,131419885700.0
2023-03-28,131003604057.0
2023-03-29,130636333677.0
2023-03-30,130569590802.0
2023-03-31,130557665059.0
2023-04-01,130045994167.0
2023-04-02,129973633146.0
2023-04-03,130186400087.0
2023-04-04,130739755245.0
2023-04-05,130101236426.0
2023-04-06,130040313557.0
2023-04-07,130236800930.0
2023-04-08,130254667520.0
2023-04-09,130439046490.0
2023-04-10,130129294531.0
2023-04-11,130229693498.0
2023-04-12,130168494877.0
2023-04-13,130093807022.0
2023-04-14,130203170670.0
2023-04-15,130118398224.0
2023-04-16,130008258029.0
2023-04-17,129925983608.0
2023-04-18,129817009998.0
2023-04-19,129552928548.0
2023-04-20,129594346136.0
2023-04-21,129431682577.0
2023-04-22,129020878880.0
2023-04-23,129100412817.0
2023-04-24,129132777230.0
2023-04-25,129068147672.0
2023-04-26,128903676094.0
2023-04-27,129068473830.0
2023-04-28,128856229110.0
2023-04-29,128747683198.0
2023-04-30,128688972496.0
2023-05-01,128727689509.0
2023-05-02,129067028038.0
2023-05-03,129088167979.0
2023-05-04,128691093221.0
2023-05-05,128562613915.0
2023-05-06,129055672656.0
2023-05-07,128984926157.0
2023-05-08,128833292707.0
2023-05-09,128924644505.0
2023-05-10,129051368456.0
2023-05-11,128908101915.0
2023-05-12,128831887591.0
2023-05-13,128873501058.0
2023-05-14,128847095653.0
2023-05-15,128848843650.0
2023-05-16,128761987088.0
2023-05-17,128585730110.0
2023-05-18,128314586844.0
2023-05-19,128446257605.0
2023-05-20,128322419141.0
2023-05-21,128449316472.0
2023-05-22,128348034142.0
2023-05-23,128229851111.0
2023-05-24,128162261892.0
2023-05-25,127675854174.0
2023-05-26,127655502703.0
2023-05-27,127639770298.0
2023-05-28,127670411651.0
2023-05-29,127713175346.0
2023-05-30,127700648087.0
2023-05-31,127653434006.0
2023-06-01,127608145339.0
2023-06-02,127530991455.0
2023-06-03,127564034949.0
2023-06-04,127479065590.0
2023-06-05,127519088867.0
2023-06-06,127391516067.0
2023-06-07,127246237210.0
2023-06-08,127109356312.0
2023-06-09,127030434009.0
2023-06-10,126551924779.0
2023-06-11,126690559252.0
2023-06-12,126757367471.0
2023-06-13,126473876260.0
2023-06-14,126331831536.0
2023-06-15,126109165070.0
2023-06-16,126921267613.0
2023-06-17,127126377101.0
2023-06-18,126786057098.0
2023-06-19,126783734871.0
2023-06-20,126895963298.0
2023-06-21,127441676110.0
2023-06-22,126955980881.0
2023-06-23,126927432365.0
2023-06-24,126978320151.0
2023-06-25,127266538079.0
2023-06-26,127044793762.0
2023-06-27,126982056717.0
2023-06-28,127035127104.0
2023-06-29,126542956983.0
2023-06-30,126479501365.0
2023-07-01,125873223822.0
2023-07-02,125849076507.0
2023-07-03,125889201387.0
2023-07-04,126067383063.0
2023-07-05,126189876798.0
2023-07-06,126024037969.0
2023-07-07,125674133766.0
2023-07-08,125665824106.0
2023-07-09,125582273345.0
2023-07-10,125477146412.0
2023-07-11,125386701505.0
2023-07-12,125233523889.0
2023-07-13,125102397829.0
2023-07-14,125376415328.0
2023-07-15,125391436398.0
2023-07-16,125439694584.0
2023-07-17,125360052285.0
2023-07-18,125201037359.0
2023-07-19,125137678214.0
2023-07-20,124860493294.0
2023-07-21,124825816845.0
2023-07-22,124675610771.0
2023-07-23,124675686920.0
2023-07-24,124578505030.0
2023-07-25,124384484066.0
2023-07-26,124297218436.0
2023-07-27,124278123667.0
2023-07-28,124108918141.0
2023-07-29,123942913267.0
2023-07-30,124188474518.0
2023-07-31,124066613616.0
2023-08-01,124002253773.0
2023-08-02,123798647379.0
2023-08-03,123625143543.0
2023-08-04,123330271772.0
2023-08-05,123086213096.0
2023-08-06,123121706167.0
2023-08-07,123078606883.0
2023-08-08,122944628214.0
2023-08-09,123176021115.0
2023-08-10,123093868532.0
2023-08-11,122851276371.0
2023-08-12,122753593884.0
2023-08-13,122876040590.0
2023-08-14,122955198500.0
2023-08-15,122507096187.0
2023-08-16,122204957292.0
2023-08-17,121912823950.0
2023-08-18,121882297274.0
2023-08-19,121552896462.0
2023-08-20,121779061174.0
2023-08-21,121899848181.0
2023-08-22,122959919629.0
2023-08-23,122853742421.0
2023-08-24,122910853975.0
2023-08-25,122982961984.0
2023-08-26,123026896930.0
2023-08-27,123040581625.0
2023-08-28,123151927462.0
2023-08-29,123216752455.0
2023-08-30,123653762822.0
2023-08-31,123777809945.0
2023-09-01,123794517563.0
2023-09-02,123788732328.0
2023-09-03,123782505689.0
2023-09-04,123819816504.0
2023-09-05,123561397391.0
2023-09-06,123112817603.0
2023-09-07,122927084343.0
2023-09-08,122701660683.0
2023-09-09,122823611479.0
2023-09-10,122895286690.0
2023-09-11,123067054913.0
2023-09-12,122834942281.0
2023-09-13,122978248519.0
2023-09-14,122995569613.0
2023-09-15,122974459422.0
2023-09-16,122842945836.0
2023-09-17,122939000702.0
2023-09-18,122971830464.0
2023-09-19,122915015339.0
2023-09-20,123037484848.0
2023-09-21,123028555380.0
2023-09-22,122964861192.0
2023-09-23,123095801373.0
2023-09-24,123109637454.0
2023-09-25,123155775961.0
2023-09-26,122936026515.0
2023-09-27,122833121697.0
2023-09-28,122755430417.0
2023-09-29,122936802284.0
2023-09-30,122492108948.0
2023-10-01,122607141764.0
2023-10-02,122637683976.0
2023-10-03,122809740594.0
2023-10-04,122655146072.0
2023-10-05,122516816838.0
2023-10-06,122688459318.0
2023-10-07,122931254370.0
2023-10-08,122915325570.0
2023-10-09,122975676696.0
2023-10-10,123019788417.0
2023-10-11,122708120495.0
2023-10-12,122471726737.0
2023-10-13,122257924877.0
2023-10-14,122249434612.0
2023-10-15,122299901859.0
2023-10-16,122367790742.0
2023-10-17,122434886529.0
2023-10-18,122637266308.0
2023-10-19,122833618905.0
2023-10-20,123430061967.0
2023-10-21,123336269882.0
2023-10-22,123351344075.0
2023-10-23,123312825985.0
2023-10-24,123562825944.0
2023-10-25,122789567545.0
2023-10-26,123189241283.0
2023-10-27,123181278388.0
2023-10-28,123018278833.0
2023-10-29,123016093722.0
2023-10-30,123138984964.0
2023-10-31,122938238530.0
2023-11-01,122849146685.0
2023-11-02,123119180545.0
2023-11-03,123017997578.0
2023-11-04,123387146431.0
2023-11-05,123541612862.0
2023-11-06,123601642773.0
2023-11-07,123637195253.0
2023-11-08,123969946045.0
2023-11-09,123925030060.0
2023-11-10,124026752499.0
2023-11-11,124328420769.0
2023-11-12,124401364639.0
2023-11-13,124347643474.0
2023-11-14,124551237810.0
2023-11-15,124387053233.0
2023-11-16,124712282688.0
2023-11-17,125038965470.0
2023-11-18,125231448501.0
2023-11-19,125394015425.0
2023-11-20,125382254942.0
2023-11-21,125853583122.0
2023-11-22,126010477560.0
2023-11-23,125988045521.0
2023-11-24,125994481534.0
2023-11-25,126618362471.0
2023-11-26,126598164491.0
2023-11-27,126568193403.0
2023-11-28,126424078899.0
2023-11-29,126716919318.0
2023-11-30,126799337024.0
2023-12-01,126896107630.0
2023-12-02,127054665751.0
2023-12-03,127116342366.0
2023-12-04,127235453131.0
2023-12-05,127041719054.0
2023-12-06,127318838071.0
2023-12-07,127379680079.0
2023-12-08,127402522502.0
2023-12-09,127642409873.0
2023-12-10,128031069151.0
2023-12-11,127928595179.0
2023-12-12,127756896731.0
2023-12-13,127136832084.0
2023-12-14,127564237003.0
2023-12-15,127743633472.0
2023-12-16,127987975721.0
2023-12-17,128139729996.0
2023-12-18,128096806174.0
2023-12-19,128042575855.0
2023-12-20,128499753215.0
2023-12-21,128861162739.0
2023-12-22,128833727183.0
2023-12-23,129186081769.0
2023-12-24,129354960587.0
2023-12-25,129295707739.0
2023-12-26,129332826669.0
2023-12-27,128936367375.0
2023-12-28,129375245339.0
2023-12-29,129200894339.0
2023-12-30,129297978219.0
2023-12-31,129202232949.0
2024-01-01,128945812315.0
2024-01-02,129464641957.0
2024-01-03,129602496876.0
2024-01-04,130146021913.0
2024-01-05,130827353069.0
2024-01-06,131240290060.0
2024-01-07,131609774425.0
2024-01-08,131541393782.0
2024-01-09,131822005734.0
2024-01-10,131789914162.0
2024-01-11,132262846340.0
2024-01-12,132556894228.0
2024-01-13,131904969362.0
2024-01-14,132536650504.0
2024-01-15,132694454111.0
2024-01-16,132378419251.0
2024-01-17,132337667251.0
2024-01-18,132841500544.0
2024-01-19,132221435561.0
2024-01-20,132385827361.0
2024-01-21,132602008246.0
2024-01-22,132326842557.0
2024-01-23,132466883126.0
2024-01-24,133241790849.0
2024-01-25,133075608107.0
2024-01-26,133264856577.0
2024-01-27,133479154023.0
2024-01-28,133543496568.0
2024-01-29,133607676188.0
2024-01-30,133923820059.0
2024-01-31,133739913161.0
2024-02-01,133783012804.0
2024-02-02,134151694141.0
2024-02-03,134126846467.0
2024-02-04,134087132133.0
2024-02-05,134164527076.0
2024-02-06,134007978126.0
2024-02-07,134348834481.0
2024-02-08,134666490318.0
2024-02-09,134960689542.0
2024-02-10,135180755289.0
2024-02-11,135448997116.0
2024-02-12,135672686528.0
2024-02-13,135268702357.0
2024-02-14,135457713018.0
2024-02-15,136098372728.0
2024-02-16,135941048823.0
2024-02-17,136293063031.0
2024-02-18,136454151429.0
2024-02-19,136346151642.0
2024-02-20,136337759949.0
2024-02-21,136452686619.0
2024-02-22,136503188331.0
2024-02-23,136858455641.0
2024-02-24,137478983863.0
2024-02-25,137239554817.0
2024-02-26,137354303426.0
2024-02-27,137820255313.0
2024-02-28,138386775740.0
2024-02-29,138855600407.0
2024-03-01,139374053711.0
2024-03-02,139786148826.0
2024-03-03,139866294166.0
2024-03-04,140255009786.0
2024-03-05,140385199931.0
2024-03-06,140638448442.0
2024-03-07,140870898541.0
2024-03-08,141393313951.0
2024-03-09,142679347636.0
2024-03-10,142972055479.0
2024-03-11,143108901260.0
2024-03-12,143842705660.0
2024-03-13,144082899635.0
2024-03-14,144973648222.0
2024-03-15,145237342321.0
2024-03-16,145131545502.0
2024-03-17,145262678118.0
2024-03-18,144940439460.0
2024-03-19,145648154671.0
2024-03-20,145950266633.0
2024-03-21,145473474292.0
2024-03-22,145999642115.0
2024-03-23,146017077882.0
2024-03-24,146346864139.0
2024-03-25,146200564856.0
2024-03-26,147460549875.0
2024-03-27,147735946739.0
2024-03-28,147668572608.0
2024-03-29,147887326960.0
2024-03-30,148091423249.0
2024-03-31,148320053969.0
2024-04-01,148055494979.0
2024-04-02,148391883120.0
2024-04-03,149063008476.0
2024-04-04,150447214181.0
2024-04-05,151328759953.0
2024-04-06,152343901688.0
2024-04-07,152462595646.0
2024-04-08,152236683836.0
2024-04-09,152259823003.0
2024-04-10,152057928491.0
2024-04-11,151785808610.0
2024-04-12,152376151990.0
2024-04-13,152603880339.0
2024-04-14,153230375345.0
2024-04-15,153280434587.0
2024-04-16,153783356442.0
2024-04-17,154778921843.0
2024-04-18,154923351558.0
2024-04-19,156044809439.0
2024-04-20,157028958657.0
2024-04-21,157082397585.0
2024-04-22,156962508682.0
2024-04-23,157345565800.0
2024-04-24,157225116030.0
2024-04-25,157720045968.0
2024-04-26,157755484392.0
2024-04-27,157538737599.0
2024-04-28,157711893229.0
2024-04-29,157710796950.0
2024-04-30,157424079143.0
2024-05-01,157556879049.0
2024-05-02,157196084753.0
2024-05-03,157331293046.0
2024-05-04,157967068177.0
2024-05-05,158176210503.0
2024-05-06,158260701687.0
2024-05-07,158192837113.0
2024-05-08,157941447298.0
2024-05-09,157824950329.0
2024-05-10,157860884957.0
2024-05-11,157650800204.0
2024-05-12,157780517946.0
2024-05-13,157727402094.0
2024-05-14,157813561814.0
2024-05-15,157584221365.0
2024-05-16,158144786060.0
2024-05-17,158278445696.0
2024-05-18,158426314163.0
2024-05-19,158849948363.0
2024-05-20,158800841260.0
2024-05-21,158465675785.0
2024-05-22,158514237984.0
2024-05-23,158452635744.0
2024-05-24,158238694683.0
2024-05-25,158652285041.0
2024-05-26,158650658169.0
2024-05-27,158376879317.0
2024-05-28,158287154365.0
2024-05-29,158033346896.0
2024-05-30,157689671542.0
2024-05-31,158084601833.0
2024-06-01,158201845154.0
2024-06-02,158255804791.0
2024-06-03,158073775460.0
2024-06-04,158002681609.0
2024-06-05,158270023837.0
2024-06-06,158374871174.0
2024-06-07,158626668007.0
2024-06-08,158920602985.0
2024-06-09,158970197492.0
2024-06-10,159008706370.0
2024-06-11,158714860664.0
2024-06-12,158537747669.0
2024-06-13,158801009045.0
2024-06-14,158881873875.0
2024-06-15,158772725972.0
2024-06-16,158628293227.0
2024-06-17,158726355660.0
2024-06-18,158557774068.0
2024-06-19,158994917036.0
2024-06-20,158721956970.0
2024-06-21,158913625145.0
2024-06-22,159166338433.0
2024-06-23,159145942869.0
2024-06-24,158889792202.0
2024-06-25,158809710200.0
2024-06-26,158840669641.0
2024-06-27,158879818393.0
2024-06-28,158751104741.0
2024-06-29,158500478877.0
2024-06-30,158510372084.0
2024-07-01,158275202704.0
2024-07-02,158484036207.0
2024-07-03,158407767282.0
2024-07-04,158316457140.0
2024-07-05,158674432115.0
2024-07-06,158982733734.0
2024-07-07,159060834892.0
2024-07-08,159084437467.0
2024-07-09,159104360737.0
2024-07-10,159402431869.0
2024-07-11,159742395110.0
2024-07-12,159786895638.0
2024-07-13,159736378613.0
2024-07-14,159792307692.0
2024-07-15,160153964514.0
2024-07-16,160253109436.0
2024-07-17,160522224283.0
2024-07-18,160323344720.0
2024-07-19,160387323245.0
2024-07-20,161321488720.0
2024-07-21,161308979659.0
2024-07-22,161242766623.0
2024-07-23,161272609785.0
2024-07-24,161491490737.0
2024-07-25,161329608965.0
2024-07-26,160884410365.0
2024-07-27,161107367003.0
2024-07-28,161281202169.0
2024-07-29,161520917875.0
2024-07-30,160908373625.0
2024-07-31,160872032026.0
2024-08-01,160802640816.0
2024-08-02,160407194389.0
2024-08-03,160527096941.0
2024-08-04,160602846609.0
2024-08-05,160778236294.0
2024-08-06,160922934106.0
2024-08-07,161425111424.0
2024-08-08,163025955878.0
2024-08-09,162660623179.0
2024-08-10,162813505035.0
2024-08-11,162438501362.0
2024-08-12,162844005373.0
2024-08-13,163145491390.0
2024-08-14,163493816037.0
2024-08-15,164103745189.0
2024-08-16,164303439188.0
2024-08-17,164904778743.0
2024-08-18,164989934173.0
2024-08-19,164976144020.0
2024-08-20,164978275013.0
2024-08-21,165391798359.0
2024-08-22,165680751223.0
2024-08-23,165824831935.0
2024-08-24,166416128610.0
2024-08-25,166739988299.0
2024-08-26,166693226329.0
2024-08-27,166455629951.0
2024-08-28,166402056784.0
2024-08-29,166595899326.0
2024-08-30,166609385065.0
2024-08-31,166449427954.0
2024-09-01,166147811049.0
2024-09-02,166614739960.0
2024-09-03,166442714316.0
2024-09-04,166103870512.0
2024-09-05,166381907420.0
2024-09-06,166112302982.0
2024-09-07,166085832110.0
2024-09-08,166306127926.0
2024-09-09,166313456837.0
2024-09-10,166844099923.0
2024-09-11,166919920974.0
2024-09-12,166901098805.0
2024-09-13,166732744130.0
2024-09-14,167428593434.0
2024-09-15,167755483807.0
2024-09-16,167645704266.0
2024-09-17,167422725692.0
2024-09-18,168043802210.0
2024-09-19,168227058894.0
2024-09-20,168128474892.0
2024-09-21,168644987144.0
2024-09-22,168867121252.0
2024-09-23,168774535373.0
2024-09-24,168684966917.0
2024-09-25,168714130033.0
2024-09-26,168938195415.0
2024-09-27,169332812110.0
2024-09-28,169118106347.0
2024-09-29,169139086305.0
2024-09-30,168996956407.0
2024-10-01,168388966239.0
2024-10-02,168769035484.0
2024-10-03,168894214898.0
2024-10-04,168734653932.0
2024-10-05,168719976438.0
2024-10-06,169461932352.0
2024-10-07,168278135314.0
2024-10-08,168813332424.0
2024-10-09,168893796724.0
2024-10-10,168960333147.0
2024-10-11,168609779516.0
2024-10-12,168947999294.0
2024-10-13,169197258344.0
2024-10-14,169498609036.0
2024-10-15,168808497693.0
2024-10-16,168825024415.0
2024-10-17,168477870220.0
2024-10-18,168473436280.0
2024-10-19,168776741294.0
2024-10-20,168808919964.0
2024-10-21,168700699141.0
2024-10-22,168858468207.0
2024-10-23,168715164393.0
2024-10-24,168265394033.0
2024-10-25,167639013203.0
2024-10-26,168499912198.0
2024-10-27,168611316928.0
2024-10-28,169021552033.0
2024-10-29,168305075166.0
2024-10-30,168801658708.0
2024-10-31,169049610331.0
2024-11-01,168467397253.0
2024-11-02,168868003882.0
2024-11-03,168776043889.0
2024-11-04,169088017637.0
2024-11-05,170638854581.0
2024-11-06,170752580132.0
2024-11-07,172229123035.0
2024-11-08,173090427258.0
2024-11-09,174148228989.0
2024-11-10,174087191878.0
2024-11-11,175013851899.0
2024-11-12,175858056921.0
2024-11-13,176004400698.0
2024-11-14,177046977923.0
2024-11-15,179326768003.0
2024-11-16,179536602405.0
2024-11-17,179886617622.0
2024-11-18,180331467501.0
2024-11-19,180565697475.0
2024-11-20,181393383983.0
2024-11-21,182874026801.0
2024-11-22,183656832870.0
2024-11-23,185525597193.0
2024-11-24,187382703887.0
2024-11-25,187659216704.0
2024-11-26,186727021135.0
2024-11-27,186923028472.0
2024-11-28,188441600553.0
2024-11-29,189327446237.0
2024-11-30,190086134507.0
2024-12-01,186947348723.0
2024-12-02,187169299296.0
2024-12-03,188063760622.0
2024-12-04,188373042376.0
2024-12-05,189631096673.0
2024-12-06,190105459394.0
2024-12-07,192730418686.0
2024-12-08,193114582700.0
2024-12-09,192348364935.0
2024-12-10,192446666523.0
2024-12-11,192826780675.0
2024-12-12,194912029778.0
2024-12-13,195222264952.0
2024-12-14,195939439583.0
2024-12-15,196071228604.0
2024-12-16,196068301755.0
2024-12-17,196279251415.0
2024-12-18,196327422671.0
2024-12-19,196506670403.0
2024-12-20,197054186429.0
2024-12-21,196769128562.0
2024-12-22,196689313434.0
2024-12-23,197273416887.0
2024-12-24,197029996689.0
2024-12-25,197311429801.0
2024-12-26,197525757470.0
2024-12-27,198001838583.0
2024-12-28,198194547805.0
2024-12-29,197997607374.0
2024-12-30,197540835920.0
2024-12-31,196885713102.0
2025-01-01,196364321233.0
2025-01-02,195724091958.0
2025-01-03,197408184274.0
2025-01-04,198641164073.0
2025-01-05,198946980442.0
2025-01-06,198838669052.0
2025-01-07,199043678123.0
2025-01-08,198585182685.0
2025-01-09,198762748726.0
2025-01-10,198623137633.0
2025-01-11,198851000864.0
2025-01-12,198807874017.0
2025-01-13,199132782023.0
2025-01-14,199087691844.0
2025-01-15,199330372237.0
2025-01-16,200150680907.0
2025-01-17,200339460410.0
2025-01-18,201948537704.0
2025-01-19,201851894170.0
2025-01-20,202300626219.0
2025-01-21,202387402468.0
2025-01-22,205000812004.0
2025-01-23,206270839651.0
2025-01-24,207032501433.0
2025-01-25,207607601299.0
2025-01-26,207679652059.0
2025-01-27,207668713776.0
2025-01-28,207951903053.0
2025-01-29,208357806196.0
2025-01-30,208549442807.0
2025-01-31,209088099012.0
2025-02-01,209261698839.0
2025-02-02,209392540509.0
2025-02-03,209501931164.0
2025-02-04,210261776864.0
2025-02-05,212909424700.0
2025-02-06,214192703148.0
2025-02-07,214642698441.0
2025-02-08,215757235035.0
2025-02-09,215840454577.0
2025-02-10,215983822971.0
2025-02-11,215991896481.0
2025-02-12,216001182939.0
2025-02-13,216170236663.0
2025-02-14,216336008820.0
2025-02-15,216631014899.0
2025-02-16,216822775438.0
2025-02-17,217033337254.0
2025-02-18,216175866395.0
2025-02-19,215958871947.0
2025-02-20,216513218374.0
2025-02-21,216259343980.0
2025-02-22,217205841966.0
2025-02-23,216913079114.0
2025-02-24,217043581994.0
2025-02-25,216492315033.0
2025-02-26,215524743613.0
2025-02-27,214881252656.0
2025-02-28,214761994210.0
2025-03-01,215465249880.0
2025-03-02,214696386311.0
2025-03-03,214645838476.0
2025-03-04,214497642779.0
2025-03-05,215105087461.0
2025-03-06,215970135970.0
2025-03-07,216042657722.0
2025-03-08,217073617761.0
2025-03-09,217126706533.0
2025-03-10,217041341257.0
2025-03-11,216768572558.0
2025-03-12,217555344048.0
2025-03-13,218051995249.0
2025-03-14,218327357891.0
2025-03-15,219074549286.0
2025-03-16,219180436678.0
2025-03-17,219150139798.0
2025-03-18,219300665256.0
2025-03-19,219645964853.0
2025-03-20,220172312648.0
2025-03-21,220203842590.0
2025-03-22,221004737618.0
2025-03-23,221954485237.0
2025-03-24,222280850492.0
2025-03-25,222729759145.0
2025-03-26,223602749536.0
2025-03-27,223942800388.0
2025-03-28,223407377579.0
2025-03-29,223095729228.0
2025-03-30,223413169415.0
2025-03-31,223442615983.0
2025-04-01,223355085988.0
2025-04-02,223892302159.0
2025-04-03,224318698369.0
2025-04-04,224425913190.0
2025-04-05,224010631900.0
2025-04-06,223698485641.0
2025-04-07,223250178684.0
2025-04-08,222798695299.0
2025-04-09,222559688614.0
2025-04-10,222691854625.0
2025-04-11,222630844110.0
2025-04-12,222531562861.0
2025-04-13,222878084678.0
2025-04-14,222709096593.0
2025-04-15,222712772554.0
2025-04-16,222976305220.0
2025-04-17,223043797937.0
2025-04-18,223594086185.0
2025-04-19,223099987419.0
2025-04-20,223131648581.0
2025-04-21,223258623985.0
2025-04-22,223436958783.0
2025-04-23,224584569671.0
2025-04-24,224991261021.0
2025-04-25,225996510465.0
2025-04-26,226563283941.0
2025-04-27,227172056869.0
2025-04-28,227884807365.0
2025-04-29,228540582982.0
2025-04-30,229946220918.0
2025-05-01,230335100827.0
2025-05-02,230391169181.0
2025-05-03,230740603507.0
2025-05-04,231090198173.0
2025-05-05,231082402062.0
2025-05-06,231081789415.0
2025-05-07,230638937532.0
2025-05-08,230766086352.0
2025-05-09,231058817719.0
2025-05-10,230724305034.0
2025-05-11,230871707445.0
2025-05-12,230714308239.0
2025-05-13,230024530490.0
2025-05-14,229751582987.0
2025-05-15,230104230162.0
2025-05-16,230707804288.0
2025-05-17,231341221770.0
2025-05-18,231390160025.0
2025-05-19,231397465164.0
2025-05-20,231249235016.0
2025-05-21,231686373829.0
2025-05-22,232467658531.0
2025-05-23,233016141249.0
2025-05-24,233263017441.0
2025-05-25,233543042511.0
2025-05-26,233605530703.0
2025-05-27,233810516964.0
2025-05-28,233682079455.0
2025-05-29,233726242756.0
2025-05-30,233765793708.0
2025-05-31,234059166457.0
2025-06-01,234216923184.0
2025-06-02,234470726907.0
2025-06-03,235056748610.0
2025-06-04,235694965089.0
2025-06-05,236091176258.0
2025-06-06,235943415844.0
2025-06-07,236649827894.0
2025-06-08,237010346898.0
2025-06-09,236812910153.0
2025-06-10,237498724333.0
2025-06-11,236952041288.0
2025-06-12,237333686268.0
2025-06-13,237387516506.0
2025-06-14,238461163451.0
2025-06-15,238448464402.0
2025-06-16,238385397627.0
2025-06-17,238149849492.0
2025-06-18,238365626454.0
2025-06-19,238454328275.0
2025-06-20,238142477034.0
2025-06-21,237921744553.0
2025-06-22,238122509500.0
2025-06-23,238385903392.0
2025-06-24,237886561604.0
2025-06-25,239634282347.0
2025-06-26,239328459767.0
2025-06-27,239518554090.0
2025-06-28,239862806183.0
2025-06-29,240199297823.0
2025-06-30,240145899246.0
2025-07-01,240465160635.0
2025-07-02,240620180154.0
2025-07-03,241021774080.0
2025-07-04,241334334186.0
2025-07-05,241465961270.0
2025-07-06,241706403848.0
2025-07-07,241739273872.0
2025-07-08,241826643822.0
2025-07-09,241680211381.0
2025-07-10,242046528350.0
2025-07-11,242847810861.0
2025-07-12,243696513772.0
2025-07-13,243762708540.0
2025-07-14,243813345596.0
2025-07-15,243226085848.0
2025-07-16,242275073068.0
2025-07-17,244795215127.0
2025-07-18,245579036499.0
2025-07-19,246058474579.0
2025-07-20,246522981592.0
2025-07-21,246611749160.0
2025-07-22,247283411092.0
2025-07-23,247871700720.0
2025-07-24,249103741004.0
2025-07-25,250324437804.0
2025-07-26,250227978925.0
2025-07-27,250755931406.0
2025-07-28,250922189826.0
2025-07-29,250941664103.0
2025-07-30,251067000321.0
2025-07-31,251664857634.0
2025-08-01,252551937415.0
2025-08-02,253080978280.0
2025-08-03,253194408147.0
2025-08-04,253746998134.0
2025-08-05,254198686053.0
2025-08-06,254429168869.0
2025-08-07,254706566142.0
2025-08-08,255206247723.0
2025-08-09,255878802336.0
2025-08-10,256475643009.0
2025-08-11,256331229922.0
2025-08-12,256973742351.0
2025-08-13,257605073724.0
2025-08-14,258522391960.0
2025-08-15,260547554968.0
2025-08-16,261891218021.0
2025-08-17,261895138050.0
2025-08-18,262760033037.0
2025-08-19,262846226205.0
2025-08-20,263034184254.0
2025-08-21,262858845197.0
2025-08-22,261713393187.0
2025-08-23,261597082595.0
2025-08-24,262556121268.0
2025-08-25,262798369997.0
2025-08-26,264742889744.0
2025-08-27,264837128669.0
2025-08-28,265380561206.0
2025-08-29,268232697509.0
2025-08-30,268303667222.0
2025-08-31,268456975738.0
2025-09-01,269324741555.0
2025-09-02,269238959666.0
2025-09-03,268416823823.0
2025-09-04,270317627038.0
2025-09-05,272991718054.0
2025-09-06,271233109753.0
2025-09-07,271281690958.0
2025-09-08,271033680029.0
2025-09-09,271363351702.0
2025-09-10,271596216886.0
2025-09-11,271581740549.0
2025-09-12,272291965997.0
2025-09-13,273562676150.0
2025-09-14,274096054515.0
2025-09-15,274117301672.0
2025-09-16,274587551449.0
2025-09-17,275405430626.0
2025-09-18,275592239232.0
2025-09-19,276620254819.0
2025-09-20,277553402357.0
2025-09-21,277738670045.0
2025-09-22,277728188994.0
2025-09-23,278789149831.0
2025-09-24,278658638242.0
2025-09-25,278455806519.0
2025-09-26,276857260893.0
2025-09-27,276285622714.0
2025-09-28,275980665870.0
2025-09-29,276016103958.0
2025-09-30,276430093224.0
2025-10-01,277425784562.0
2025-10-02,278252111341.0
2025-10-03,279136263829.0
2025-10-04,280861756439.0
2025-10-05,281521431732.0
2025-10-06,281172796260.0
2025-10-07,281715563169.0
2025-10-08,282292454122.0
2025-10-09,281253465025.0
2025-10-10,282369272347.0
2025-10-11,283193413383.0
2025-10-12,282677270130.0
2025-10-13,282873351738.0
2025-10-14,283638022244.0
2025-10-15,284937177557.0
2025-10-16,285658610443.0
2025-10-17,285677768291.0
2025-10-18,285877788047.0
2025-10-19,285890671450.0
2025-10-20,286260429629.0
2025-10-21,285408797698.0
2025-10-22,287063144606.0
2025-10-23,286321682569.0
2025-10-24,286487285460.0
2025-10-25,286731523062.0
2025-10-26,286594582037.0
2025-10-27,286228606825.0
2025-10-28,285594800015.0
2025-10-29,286425961139.0
2025-10-30,285860091437.0
2025-10-31,286297258786.0
2025-11-01,287363643515.0
2025-11-02,287645392373.0
2025-11-03,287306434354.0
2025-11-04,287748036253.0
2025-11-05,287547753546.27
