anchor,month_end,const,log_DEX,z_DXY,z_VIX,log_S_nonUSD,Pol_anchor_l1,sigma_offpeg_l1,tail1_l1,dlog_usd_per_anchor,N_anchor_fc
AUD,2025-12-31,1.0,25.19540182523358,0.7270187893581846,-0.23390542818319165,20.834046696891072,3.0,6.8980758922680945,0.967741935483871,-0.0010620022892219305,2
CAD,2025-12-31,1.0,25.19540182523358,0.7270187893581846,-0.23390542818319165,20.834046696891072,4.0,0.20263729279324139,0.9666666666666667,-0.005822031691538476,2
CHF,2025-12-31,1.0,25.19540182523358,0.7270187893581846,-0.23390542818319165,20.834046696891072,4.0,1.2454159654583514,1.0,-0.0028307697692661836,7
CNY,2025-12-31,1.0,25.19540182523358,0.7270187893581846,-0.23390542818319165,20.834046696891072,1.0,14.579921439716696,1.0,0.001101761436823212,2
EUR,2025-12-31,1.0,25.19540182523358,0.7270187893581846,-0.23390542818319165,20.834046696891072,5.0,9.318624958980376,0.9786407766990292,-0.0039465327746739665,39
GBP,2025-12-31,1.0,25.19540182523358,0.7270187893581846,-0.23390542818319165,20.834046696891072,4.0,3.725629465951672,1.0,-0.009480026943746823,5
JPY,2025-12-31,1.0,25.19540182523358,0.7270187893581846,-0.23390542818319165,20.834046696891072,5.0,5.12564168771965,1.0,-0.012305198001912387,5
SGD,2025-12-31,1.0,25.19540182523358,0.7270187893581846,-0.23390542818319165,20.834046696891072,4.0,0.1696914027499674,0.967741935483871,-0.004894686655439301,2
AUD,2026-01-31,1.0,25.16291509556487,0.7270187893581846,-0.15710466619812805,20.837293973059452,3.0,6.8980758922680945,0.967741935483871,-0.0010620022892219305,2
CAD,2026-01-31,1.0,25.16291509556487,0.7270187893581846,-0.15710466619812805,20.837293973059452,4.0,0.20263729279324139,0.9666666666666667,-0.005822031691538476,2
CHF,2026-01-31,1.0,25.16291509556487,0.7270187893581846,-0.15710466619812805,20.837293973059452,4.0,1.2454159654583514,1.0,-0.0028307697692661836,7
CNY,2026-01-31,1.0,25.16291509556487,0.7270187893581846,-0.15710466619812805,20.837293973059452,1.0,14.579921439716696,1.0,0.001101761436823212,2
EUR,2026-01-31,1.0,25.16291509556487,0.7270187893581846,-0.15710466619812805,20.837293973059452,5.0,9.318624958980376,0.9786407766990292,-0.0039465327746739665,39
GBP,2026-01-31,1.0,25.16291509556487,0.7270187893581846,-0.15710466619812805,20.837293973059452,4.0,3.725629465951672,1.0,-0.009480026943746823,5
JPY,2026-01-31,1.0,25.16291509556487,0.7270187893581846,-0.15710466619812805,20.837293973059452,5.0,5.12564168771965,1.0,-0.012305198001912387,5
SGD,2026-01-31,1.0,25.16291509556487,0.7270187893581846,-0.15710466619812805,20.837293973059452,4.0,0.1696914027499674,0.967741935483871,-0.004894686655439301,2
AUD,2026-02-28,1.0,25.130428365896154,0.7270187893581846,-0.10552074970186118,20.84779661184968,3.0,6.8980758922680945,0.967741935483871,-0.0010620022892219305,2
CAD,2026-02-28,1.0,25.130428365896154,0.7270187893581846,-0.10552074970186118,20.84779661184968,4.0,0.20263729279324139,0.9666666666666667,-0.005822031691538476,2
CHF,2026-02-28,1.0,25.130428365896154,0.7270187893581846,-0.10552074970186118,20.84779661184968,4.0,1.2454159654583514,1.0,-0.0028307697692661836,7
CNY,2026-02-28,1.0,25.130428365896154,0.7270187893581846,-0.10552074970186118,20.84779661184968,1.0,14.579921439716696,1.0,0.001101761436823212,2
EUR,2026-02-28,1.0,25.130428365896154,0.7270187893581846,-0.10552074970186118,20.84779661184968,5.0,9.318624958980376,0.9786407766990292,-0.0039465327746739665,39
GBP,2026-02-28,1.0,25.130428365896154,0.7270187893581846,-0.10552074970186118,20.84779661184968,4.0,3.725629465951672,1.0,-0.009480026943746823,5
JPY,2026-02-28,1.0,25.130428365896154,0.7270187893581846,-0.10552074970186118,20.84779661184968,5.0,5.12564168771965,1.0,-0.012305198001912387,5
SGD,2026-02-28,1.0,25.130428365896154,0.7270187893581846,-0.10552074970186118,20.84779661184968,4.0,0.1696914027499674,0.967741935483871,-0.004894686655439301,2
AUD,2026-03-31,1.0,25.097941636227443,0.7270187893581846,-0.07087395229623998,20.85845270107925,3.0,6.8980758922680945,0.967741935483871,-0.0010620022892219305,2
CAD,2026-03-31,1.0,25.097941636227443,0.7270187893581846,-0.07087395229623998,20.85845270107925,4.0,0.20263729279324139,0.9666666666666667,-0.005822031691538476,2
CHF,2026-03-31,1.0,25.097941636227443,0.7270187893581846,-0.07087395229623998,20.85845270107925,4.0,1.2454159654583514,1.0,-0.0028307697692661836,7
CNY,2026-03-31,1.0,25.097941636227443,0.7270187893581846,-0.07087395229623998,20.85845270107925,1.0,14.579921439716696,1.0,0.001101761436823212,2
EUR,2026-03-31,1.0,25.097941636227443,0.7270187893581846,-0.07087395229623998,20.85845270107925,5.0,9.318624958980376,0.9786407766990292,-0.0039465327746739665,39
GBP,2026-03-31,1.0,25.097941636227443,0.7270187893581846,-0.07087395229623998,20.85845270107925,4.0,3.725629465951672,1.0,-0.009480026943746823,5
JPY,2026-03-31,1.0,25.097941636227443,0.7270187893581846,-0.07087395229623998,20.85845270107925,5.0,5.12564168771965,1.0,-0.012305198001912387,5
SGD,2026-03-31,1.0,25.097941636227443,0.7270187893581846,-0.07087395229623998,20.85845270107925,4.0,0.1696914027499674,0.967741935483871,-0.004894686655439301,2
AUD,2026-04-30,1.0,25.065454906558728,0.7270187893581846,-0.047603121928929036,20.866474872019275,3.0,6.8980758922680945,0.967741935483871,-0.0010620022892219305,2
CAD,2026-04-30,1.0,25.065454906558728,0.7270187893581846,-0.047603121928929036,20.866474872019275,4.0,0.20263729279324139,0.9666666666666667,-0.005822031691538476,2
CHF,2026-04-30,1.0,25.065454906558728,0.7270187893581846,-0.047603121928929036,20.866474872019275,4.0,1.2454159654583514,1.0,-0.0028307697692661836,7
CNY,2026-04-30,1.0,25.065454906558728,0.7270187893581846,-0.047603121928929036,20.866474872019275,1.0,14.579921439716696,1.0,0.001101761436823212,2
EUR,2026-04-30,1.0,25.065454906558728,0.7270187893581846,-0.047603121928929036,20.866474872019275,5.0,9.318624958980376,0.9786407766990292,-0.0039465327746739665,39
GBP,2026-04-30,1.0,25.065454906558728,0.7270187893581846,-0.047603121928929036,20.866474872019275,4.0,3.725629465951672,1.0,-0.009480026943746823,5
JPY,2026-04-30,1.0,25.065454906558728,0.7270187893581846,-0.047603121928929036,20.866474872019275,5.0,5.12564168771965,1.0,-0.012305198001912387,5
SGD,2026-04-30,1.0,25.065454906558728,0.7270187893581846,-0.047603121928929036,20.866474872019275,4.0,0.1696914027499674,0.967741935483871,-0.004894686655439301,2
AUD,2026-05-31,1.0,25.032968176890016,0.7270187893581846,-0.031973061244119486,20.87112406869383,3.0,6.8980758922680945,0.967741935483871,-0.0010620022892219305,2
CAD,2026-05-31,1.0,25.032968176890016,0.7270187893581846,-0.031973061244119486,20.87112406869383,4.0,0.20263729279324139,0.9666666666666667,-0.005822031691538476,2
CHF,2026-05-31,1.0,25.032968176890016,0.7270187893581846,-0.031973061244119486,20.87112406869383,4.0,1.2454159654583514,1.0,-0.0028307697692661836,7
CNY,2026-05-31,1.0,25.032968176890016,0.7270187893581846,-0.031973061244119486,20.87112406869383,1.0,14.579921439716696,1.0,0.001101761436823212,2
EUR,2026-05-31,1.0,25.032968176890016,0.7270187893581846,-0.031973061244119486,20.87112406869383,5.0,9.318624958980376,0.9786407766990292,-0.0039465327746739665,39
GBP,2026-05-31,1.0,25.032968176890016,0.7270187893581846,-0.031973061244119486,20.87112406869383,4.0,3.725629465951672,1.0,-0.009480026943746823,5
JPY,2026-05-31,1.0,25.032968176890016,0.7270187893581846,-0.031973061244119486,20.87112406869383,5.0,5.12564168771965,1.0,-0.012305198001912387,5
SGD,2026-05-31,1.0,25.032968176890016,0.7270187893581846,-0.031973061244119486,20.87112406869383,4.0,0.1696914027499674,0.967741935483871,-0.004894686655439301,2
AUD,2026-06-30,1.0,25.0004814472213,0.7270187893581846,-0.02147499163702883,20.87254080650817,3.0,6.8980758922680945,0.967741935483871,-0.0010620022892219305,2
CAD,2026-06-30,1.0,25.0004814472213,0.7270187893581846,-0.02147499163702883,20.87254080650817,4.0,0.20263729279324139,0.9666666666666667,-0.005822031691538476,2
CHF,2026-06-30,1.0,25.0004814472213,0.7270187893581846,-0.02147499163702883,20.87254080650817,4.0,1.2454159654583514,1.0,-0.0028307697692661836,7
CNY,2026-06-30,1.0,25.0004814472213,0.7270187893581846,-0.02147499163702883,20.87254080650817,1.0,14.579921439716696,1.0,0.001101761436823212,2
EUR,2026-06-30,1.0,25.0004814472213,0.7270187893581846,-0.02147499163702883,20.87254080650817,5.0,9.318624958980376,0.9786407766990292,-0.0039465327746739665,39
GBP,2026-06-30,1.0,25.0004814472213,0.7270187893581846,-0.02147499163702883,20.87254080650817,4.0,3.725629465951672,1.0,-0.009480026943746823,5
JPY,2026-06-30,1.0,25.0004814472213,0.7270187893581846,-0.02147499163702883,20.87254080650817,5.0,5.12564168771965,1.0,-0.012305198001912387,5
SGD,2026-06-30,1.0,25.0004814472213,0.7270187893581846,-0.02147499163702883,20.87254080650817,4.0,0.1696914027499674,0.967741935483871,-0.004894686655439301,2
AUD,2026-07-31,1.0,24.96799471755259,0.7270187893581846,-0.014423869591006949,20.87118802206526,3.0,6.8980758922680945,0.967741935483871,-0.0010620022892219305,2
CAD,2026-07-31,1.0,24.96799471755259,0.7270187893581846,-0.014423869591006949,20.87118802206526,4.0,0.20263729279324139,0.9666666666666667,-0.005822031691538476,2
CHF,2026-07-31,1.0,24.96799471755259,0.7270187893581846,-0.014423869591006949,20.87118802206526,4.0,1.2454159654583514,1.0,-0.0028307697692661836,7
CNY,2026-07-31,1.0,24.96799471755259,0.7270187893581846,-0.014423869591006949,20.87118802206526,1.0,14.579921439716696,1.0,0.001101761436823212,2
EUR,2026-07-31,1.0,24.96799471755259,0.7270187893581846,-0.014423869591006949,20.87118802206526,5.0,9.318624958980376,0.9786407766990292,-0.0039465327746739665,39
GBP,2026-07-31,1.0,24.96799471755259,0.7270187893581846,-0.014423869591006949,20.87118802206526,4.0,3.725629465951672,1.0,-0.009480026943746823,5
JPY,2026-07-31,1.0,24.96799471755259,0.7270187893581846,-0.014423869591006949,20.87118802206526,5.0,5.12564168771965,1.0,-0.012305198001912387,5
SGD,2026-07-31,1.0,24.96799471755259,0.7270187893581846,-0.014423869591006949,20.87118802206526,4.0,0.1696914027499674,0.967741935483871,-0.004894686655439301,2
AUD,2026-08-31,1.0,24.935507987883874,0.7270187893581846,-0.0096879206052701,20.86759579243831,3.0,6.8980758922680945,0.967741935483871,-0.0010620022892219305,2
CAD,2026-08-31,1.0,24.935507987883874,0.7270187893581846,-0.0096879206052701,20.86759579243831,4.0,0.20263729279324139,0.9666666666666667,-0.005822031691538476,2
CHF,2026-08-31,1.0,24.935507987883874,0.7270187893581846,-0.0096879206052701,20.86759579243831,4.0,1.2454159654583514,1.0,-0.0028307697692661836,7
CNY,2026-08-31,1.0,24.935507987883874,0.7270187893581846,-0.0096879206052701,20.86759579243831,1.0,14.579921439716696,1.0,0.001101761436823212,2
EUR,2026-08-31,1.0,24.935507987883874,0.7270187893581846,-0.0096879206052701,20.86759579243831,5.0,9.318624958980376,0.9786407766990292,-0.0039465327746739665,39
GBP,2026-08-31,1.0,24.935507987883874,0.7270187893581846,-0.0096879206052701,20.86759579243831,4.0,3.725629465951672,1.0,-0.009480026943746823,5
JPY,2026-08-31,1.0,24.935507987883874,0.7270187893581846,-0.0096879206052701,20.86759579243831,5.0,5.12564168771965,1.0,-0.012305198001912387,5
SGD,2026-08-31,1.0,24.935507987883874,0.7270187893581846,-0.0096879206052701,20.86759579243831,4.0,0.1696914027499674,0.967741935483871,-0.004894686655439301,2
AUD,2026-09-30,1.0,24.903021258215162,0.7270187893581846,-0.006506978246152087,20.862254007697423,3.0,6.8980758922680945,0.967741935483871,-0.0010620022892219305,2
CAD,2026-09-30,1.0,24.903021258215162,0.7270187893581846,-0.006506978246152087,20.862254007697423,4.0,0.20263729279324139,0.9666666666666667,-0.005822031691538476,2
CHF,2026-09-30,1.0,24.903021258215162,0.7270187893581846,-0.006506978246152087,20.862254007697423,4.0,1.2454159654583514,1.0,-0.0028307697692661836,7
CNY,2026-09-30,1.0,24.903021258215162,0.7270187893581846,-0.006506978246152087,20.862254007697423,1.0,14.579921439716696,1.0,0.001101761436823212,2
EUR,2026-09-30,1.0,24.903021258215162,0.7270187893581846,-0.006506978246152087,20.862254007697423,5.0,9.318624958980376,0.9786407766990292,-0.0039465327746739665,39
GBP,2026-09-30,1.0,24.903021258215162,0.7270187893581846,-0.006506978246152087,20.862254007697423,4.0,3.725629465951672,1.0,-0.009480026943746823,5
JPY,2026-09-30,1.0,24.903021258215162,0.7270187893581846,-0.006506978246152087,20.862254007697423,5.0,5.12564168771965,1.0,-0.012305198001912387,5
SGD,2026-09-30,1.0,24.903021258215162,0.7270187893581846,-0.006506978246152087,20.862254007697423,4.0,0.1696914027499674,0.967741935483871,-0.004894686655439301,2
AUD,2026-10-31,1.0,24.870534528546447,0.7270187893581846,-0.004370469951298275,20.855575556602062,3.0,6.8980758922680945,0.967741935483871,-0.0010620022892219305,2
CAD,2026-10-31,1.0,24.870534528546447,0.7270187893581846,-0.004370469951298275,20.855575556602062,4.0,0.20263729279324139,0.9666666666666667,-0.005822031691538476,2
CHF,2026-10-31,1.0,24.870534528546447,0.7270187893581846,-0.004370469951298275,20.855575556602062,4.0,1.2454159654583514,1.0,-0.0028307697692661836,7
CNY,2026-10-31,1.0,24.870534528546447,0.7270187893581846,-0.004370469951298275,20.855575556602062,1.0,14.579921439716696,1.0,0.001101761436823212,2
EUR,2026-10-31,1.0,24.870534528546447,0.7270187893581846,-0.004370469951298275,20.855575556602062,5.0,9.318624958980376,0.9786407766990292,-0.0039465327746739665,39
GBP,2026-10-31,1.0,24.870534528546447,0.7270187893581846,-0.004370469951298275,20.855575556602062,4.0,3.725629465951672,1.0,-0.009480026943746823,5
JPY,2026-10-31,1.0,24.870534528546447,0.7270187893581846,-0.004370469951298275,20.855575556602062,5.0,5.12564168771965,1.0,-0.012305198001912387,5
SGD,2026-10-31,1.0,24.870534528546447,0.7270187893581846,-0.004370469951298275,20.855575556602062,4.0,0.1696914027499674,0.967741935483871,-0.004894686655439301,2
AUD,2026-11-30,1.0,24.83804779887773,0.7270187893581846,-0.002935465107247974,20.847891471751545,3.0,6.8980758922680945,0.967741935483871,-0.0010620022892219305,2
CAD,2026-11-30,1.0,24.83804779887773,0.7270187893581846,-0.002935465107247974,20.847891471751545,4.0,0.20263729279324139,0.9666666666666667,-0.005822031691538476,2
CHF,2026-11-30,1.0,24.83804779887773,0.7270187893581846,-0.002935465107247974,20.847891471751545,4.0,1.2454159654583514,1.0,-0.0028307697692661836,7
CNY,2026-11-30,1.0,24.83804779887773,0.7270187893581846,-0.002935465107247974,20.847891471751545,1.0,14.579921439716696,1.0,0.001101761436823212,2
EUR,2026-11-30,1.0,24.83804779887773,0.7270187893581846,-0.002935465107247974,20.847891471751545,5.0,9.318624958980376,0.9786407766990292,-0.0039465327746739665,39
GBP,2026-11-30,1.0,24.83804779887773,0.7270187893581846,-0.002935465107247974,20.847891471751545,4.0,3.725629465951672,1.0,-0.009480026943746823,5
JPY,2026-11-30,1.0,24.83804779887773,0.7270187893581846,-0.002935465107247974,20.847891471751545,5.0,5.12564168771965,1.0,-0.012305198001912387,5
SGD,2026-11-30,1.0,24.83804779887773,0.7270187893581846,-0.002935465107247974,20.847891471751545,4.0,0.1696914027499674,0.967741935483871,-0.004894686655439301,2
AUD,2026-12-31,1.0,24.80556106920902,0.7270187893581846,-0.0019716313101090163,20.839459161778954,3.0,6.8980758922680945,0.967741935483871,-0.0010620022892219305,2
CAD,2026-12-31,1.0,24.80556106920902,0.7270187893581846,-0.0019716313101090163,20.839459161778954,4.0,0.20263729279324139,0.9666666666666667,-0.005822031691538476,2
CHF,2026-12-31,1.0,24.80556106920902,0.7270187893581846,-0.0019716313101090163,20.839459161778954,4.0,1.2454159654583514,1.0,-0.0028307697692661836,7
CNY,2026-12-31,1.0,24.80556106920902,0.7270187893581846,-0.0019716313101090163,20.839459161778954,1.0,14.579921439716696,1.0,0.001101761436823212,2
EUR,2026-12-31,1.0,24.80556106920902,0.7270187893581846,-0.0019716313101090163,20.839459161778954,5.0,9.318624958980376,0.9786407766990292,-0.0039465327746739665,39
GBP,2026-12-31,1.0,24.80556106920902,0.7270187893581846,-0.0019716313101090163,20.839459161778954,4.0,3.725629465951672,1.0,-0.009480026943746823,5
JPY,2026-12-31,1.0,24.80556106920902,0.7270187893581846,-0.0019716313101090163,20.839459161778954,5.0,5.12564168771965,1.0,-0.012305198001912387,5
SGD,2026-12-31,1.0,24.80556106920902,0.7270187893581846,-0.0019716313101090163,20.839459161778954,4.0,0.1696914027499674,0.967741935483871,-0.004894686655439301,2
AUD,2027-01-31,1.0,24.773074339540305,0.7270187893581846,-0.0013242637473032573,20.830474771815062,3.0,6.8980758922680945,0.967741935483871,-0.0010620022892219305,2
CAD,2027-01-31,1.0,24.773074339540305,0.7270187893581846,-0.0013242637473032573,20.830474771815062,4.0,0.20263729279324139,0.9666666666666667,-0.005822031691538476,2
CHF,2027-01-31,1.0,24.773074339540305,0.7270187893581846,-0.0013242637473032573,20.830474771815062,4.0,1.2454159654583514,1.0,-0.0028307697692661836,7
CNY,2027-01-31,1.0,24.773074339540305,0.7270187893581846,-0.0013242637473032573,20.830474771815062,1.0,14.579921439716696,1.0,0.001101761436823212,2
EUR,2027-01-31,1.0,24.773074339540305,0.7270187893581846,-0.0013242637473032573,20.830474771815062,5.0,9.318624958980376,0.9786407766990292,-0.0039465327746739665,39
GBP,2027-01-31,1.0,24.773074339540305,0.7270187893581846,-0.0013242637473032573,20.830474771815062,4.0,3.725629465951672,1.0,-0.009480026943746823,5
JPY,2027-01-31,1.0,24.773074339540305,0.7270187893581846,-0.0013242637473032573,20.830474771815062,5.0,5.12564168771965,1.0,-0.012305198001912387,5
SGD,2027-01-31,1.0,24.773074339540305,0.7270187893581846,-0.0013242637473032573,20.830474771815062,4.0,0.1696914027499674,0.967741935483871,-0.004894686655439301,2
AUD,2027-02-28,1.0,24.740587609871593,0.7270187893581846,-0.0008894535522083371,20.821085656797862,3.0,6.8980758922680945,0.967741935483871,-0.0010620022892219305,2
CAD,2027-02-28,1.0,24.740587609871593,0.7270187893581846,-0.0008894535522083371,20.821085656797862,4.0,0.20263729279324139,0.9666666666666667,-0.005822031691538476,2
CHF,2027-02-28,1.0,24.740587609871593,0.7270187893581846,-0.0008894535522083371,20.821085656797862,4.0,1.2454159654583514,1.0,-0.0028307697692661836,7
CNY,2027-02-28,1.0,24.740587609871593,0.7270187893581846,-0.0008894535522083371,20.821085656797862,1.0,14.579921439716696,1.0,0.001101761436823212,2
EUR,2027-02-28,1.0,24.740587609871593,0.7270187893581846,-0.0008894535522083371,20.821085656797862,5.0,9.318624958980376,0.9786407766990292,-0.0039465327746739665,39
GBP,2027-02-28,1.0,24.740587609871593,0.7270187893581846,-0.0008894535522083371,20.821085656797862,4.0,3.725629465951672,1.0,-0.009480026943746823,5
JPY,2027-02-28,1.0,24.740587609871593,0.7270187893581846,-0.0008894535522083371,20.821085656797862,5.0,5.12564168771965,1.0,-0.012305198001912387,5
SGD,2027-02-28,1.0,24.740587609871593,0.7270187893581846,-0.0008894535522083371,20.821085656797862,4.0,0.1696914027499674,0.967741935483871,-0.004894686655439301,2
AUD,2027-03-31,1.0,24.708100880202878,0.7270187893581846,-0.0005974094081689336,20.811401371364113,3.0,6.8980758922680945,0.967741935483871,-0.0010620022892219305,2
CAD,2027-03-31,1.0,24.708100880202878,0.7270187893581846,-0.0005974094081689336,20.811401371364113,4.0,0.20263729279324139,0.9666666666666667,-0.005822031691538476,2
CHF,2027-03-31,1.0,24.708100880202878,0.7270187893581846,-0.0005974094081689336,20.811401371364113,4.0,1.2454159654583514,1.0,-0.0028307697692661836,7
CNY,2027-03-31,1.0,24.708100880202878,0.7270187893581846,-0.0005974094081689336,20.811401371364113,1.0,14.579921439716696,1.0,0.001101761436823212,2
EUR,2027-03-31,1.0,24.708100880202878,0.7270187893581846,-0.0005974094081689336,20.811401371364113,5.0,9.318624958980376,0.9786407766990292,-0.0039465327746739665,39
GBP,2027-03-31,1.0,24.708100880202878,0.7270187893581846,-0.0005974094081689336,20.811401371364113,4.0,3.725629465951672,1.0,-0.009480026943746823,5
JPY,2027-03-31,1.0,24.708100880202878,0.7270187893581846,-0.0005974094081689336,20.811401371364113,5.0,5.12564168771965,1.0,-0.012305198001912387,5
SGD,2027-03-31,1.0,24.708100880202878,0.7270187893581846,-0.0005974094081689336,20.811401371364113,4.0,0.1696914027499674,0.967741935483871,-0.004894686655439301,2
AUD,2027-04-30,1.0,24.675614150534166,0.7270187893581846,-0.0004012553551364628,20.801502724085893,3.0,6.8980758922680945,0.967741935483871,-0.0010620022892219305,2
CAD,2027-04-30,1.0,24.675614150534166,0.7270187893581846,-0.0004012553551364628,20.801502724085893,4.0,0.20263729279324139,0.9666666666666667,-0.005822031691538476,2
CHF,2027-04-30,1.0,24.675614150534166,0.7270187893581846,-0.0004012553551364628,20.801502724085893,4.0,1.2454159654583514,1.0,-0.0028307697692661836,7
CNY,2027-04-30,1.0,24.675614150534166,0.7270187893581846,-0.0004012553551364628,20.801502724085893,1.0,14.579921439716696,1.0,0.001101761436823212,2
EUR,2027-04-30,1.0,24.675614150534166,0.7270187893581846,-0.0004012553551364628,20.801502724085893,5.0,9.318624958980376,0.9786407766990292,-0.0039465327746739665,38
GBP,2027-04-30,1.0,24.675614150534166,0.7270187893581846,-0.0004012553551364628,20.801502724085893,4.0,3.725629465951672,1.0,-0.009480026943746823,5
JPY,2027-04-30,1.0,24.675614150534166,0.7270187893581846,-0.0004012553551364628,20.801502724085893,5.0,5.12564168771965,1.0,-0.012305198001912387,5
SGD,2027-04-30,1.0,24.675614150534166,0.7270187893581846,-0.0004012553551364628,20.801502724085893,4.0,0.1696914027499674,0.967741935483871,-0.004894686655439301,2
AUD,2027-05-31,1.0,24.64312742086545,0.7270187893581846,-0.0002695067366266736,20.791448950702787,3.0,6.8980758922680945,0.967741935483871,-0.0010620022892219305,2
CAD,2027-05-31,1.0,24.64312742086545,0.7270187893581846,-0.0002695067366266736,20.791448950702787,4.0,0.20263729279324139,0.9666666666666667,-0.005822031691538476,2
CHF,2027-05-31,1.0,24.64312742086545,0.7270187893581846,-0.0002695067366266736,20.791448950702787,4.0,1.2454159654583514,1.0,-0.0028307697692661836,7
CNY,2027-05-31,1.0,24.64312742086545,0.7270187893581846,-0.0002695067366266736,20.791448950702787,1.0,14.579921439716696,1.0,0.001101761436823212,2
EUR,2027-05-31,1.0,24.64312742086545,0.7270187893581846,-0.0002695067366266736,20.791448950702787,5.0,9.318624958980376,0.9786407766990292,-0.0039465327746739665,38
GBP,2027-05-31,1.0,24.64312742086545,0.7270187893581846,-0.0002695067366266736,20.791448950702787,4.0,3.725629465951672,1.0,-0.009480026943746823,5
JPY,2027-05-31,1.0,24.64312742086545,0.7270187893581846,-0.0002695067366266736,20.791448950702787,5.0,5.12564168771965,1.0,-0.012305198001912387,5
SGD,2027-05-31,1.0,24.64312742086545,0.7270187893581846,-0.0002695067366266736,20.791448950702787,4.0,0.1696914027499674,0.967741935483871,-0.004894686655439301,2
AUD,2027-06-30,1.0,24.61064069119674,0.7270187893581846,-0.0001810166024138229,20.781283256005175,3.0,6.8980758922680945,0.967741935483871,-0.0010620022892219305,2
CAD,2027-06-30,1.0,24.61064069119674,0.7270187893581846,-0.0001810166024138229,20.781283256005175,4.0,0.20263729279324139,0.9666666666666667,-0.005822031691538476,2
CHF,2027-06-30,1.0,24.61064069119674,0.7270187893581846,-0.0001810166024138229,20.781283256005175,4.0,1.2454159654583514,1.0,-0.0028307697692661836,7
CNY,2027-06-30,1.0,24.61064069119674,0.7270187893581846,-0.0001810166024138229,20.781283256005175,1.0,14.579921439716696,1.0,0.001101761436823212,2
EUR,2027-06-30,1.0,24.61064069119674,0.7270187893581846,-0.0001810166024138229,20.781283256005175,5.0,9.318624958980376,0.9786407766990292,-0.0039465327746739665,38
GBP,2027-06-30,1.0,24.61064069119674,0.7270187893581846,-0.0001810166024138229,20.781283256005175,4.0,3.725629465951672,1.0,-0.009480026943746823,5
JPY,2027-06-30,1.0,24.61064069119674,0.7270187893581846,-0.0001810166024138229,20.781283256005175,5.0,5.12564168771965,1.0,-0.012305198001912387,5
SGD,2027-06-30,1.0,24.61064069119674,0.7270187893581846,-0.0001810166024138229,20.781283256005175,4.0,0.1696914027499674,0.967741935483871,-0.004894686655439301,2
AUD,2027-07-31,1.0,24.578153961528024,0.7270187893581846,-0.00012158141484541196,20.771037022037873,3.0,6.8980758922680945,0.967741935483871,-0.0010620022892219305,2
CAD,2027-07-31,1.0,24.578153961528024,0.7270187893581846,-0.00012158141484541196,20.771037022037873,4.0,0.20263729279324139,0.9666666666666667,-0.005822031691538476,2
CHF,2027-07-31,1.0,24.578153961528024,0.7270187893581846,-0.00012158141484541196,20.771037022037873,4.0,1.2454159654583514,1.0,-0.0028307697692661836,7
CNY,2027-07-31,1.0,24.578153961528024,0.7270187893581846,-0.00012158141484541196,20.771037022037873,1.0,14.579921439716696,1.0,0.001101761436823212,2
EUR,2027-07-31,1.0,24.578153961528024,0.7270187893581846,-0.00012158141484541196,20.771037022037873,5.0,9.318624958980376,0.9786407766990292,-0.0039465327746739665,38
GBP,2027-07-31,1.0,24.578153961528024,0.7270187893581846,-0.00012158141484541196,20.771037022037873,4.0,3.725629465951672,1.0,-0.009480026943746823,5
JPY,2027-07-31,1.0,24.578153961528024,0.7270187893581846,-0.00012158141484541196,20.771037022037873,5.0,5.12564168771965,1.0,-0.012305198001912387,5
SGD,2027-07-31,1.0,24.578153961528024,0.7270187893581846,-0.00012158141484541196,20.771037022037873,4.0,0.1696914027499674,0.967741935483871,-0.004894686655439301,2
AUD,2027-08-31,1.0,24.545667231859312,0.7270187893581846,-8.166124122701569e-05,20.76073296392787,3.0,6.8980758922680945,0.967741935483871,-0.0010620022892219305,2
CAD,2027-08-31,1.0,24.545667231859312,0.7270187893581846,-8.166124122701569e-05,20.76073296392787,4.0,0.20263729279324139,0.9666666666666667,-0.005822031691538476,2
CHF,2027-08-31,1.0,24.545667231859312,0.7270187893581846,-8.166124122701569e-05,20.76073296392787,4.0,1.2454159654583514,1.0,-0.0028307697692661836,7
CNY,2027-08-31,1.0,24.545667231859312,0.7270187893581846,-8.166124122701569e-05,20.76073296392787,1.0,14.579921439716696,1.0,0.001101761436823212,2
EUR,2027-08-31,1.0,24.545667231859312,0.7270187893581846,-8.166124122701569e-05,20.76073296392787,5.0,9.318624958980376,0.9786407766990292,-0.0039465327746739665,38
GBP,2027-08-31,1.0,24.545667231859312,0.7270187893581846,-8.166124122701569e-05,20.76073296392787,4.0,3.725629465951672,1.0,-0.009480026943746823,5
JPY,2027-08-31,1.0,24.545667231859312,0.7270187893581846,-8.166124122701569e-05,20.76073296392787,5.0,5.12564168771965,1.0,-0.012305198001912387,5
SGD,2027-08-31,1.0,24.545667231859312,0.7270187893581846,-8.166124122701569e-05,20.76073296392787,4.0,0.1696914027499674,0.967741935483871,-0.004894686655439301,2
AUD,2027-09-30,1.0,24.513180502190597,0.7270187893581846,-5.48485007121714e-05,20.75038747437266,3.0,6.8980758922680945,0.967741935483871,-0.0010620022892219305,2
CAD,2027-09-30,1.0,24.513180502190597,0.7270187893581846,-5.48485007121714e-05,20.75038747437266,4.0,0.20263729279324139,0.9666666666666667,-0.005822031691538476,2
CHF,2027-09-30,1.0,24.513180502190597,0.7270187893581846,-5.48485007121714e-05,20.75038747437266,4.0,1.2454159654583514,1.0,-0.0028307697692661836,7
CNY,2027-09-30,1.0,24.513180502190597,0.7270187893581846,-5.48485007121714e-05,20.75038747437266,1.0,14.579921439716696,1.0,0.001101761436823212,2
EUR,2027-09-30,1.0,24.513180502190597,0.7270187893581846,-5.48485007121714e-05,20.75038747437266,5.0,9.318624958980376,0.9786407766990292,-0.0039465327746739665,38
GBP,2027-09-30,1.0,24.513180502190597,0.7270187893581846,-5.48485007121714e-05,20.75038747437266,4.0,3.725629465951672,1.0,-0.009480026943746823,5
JPY,2027-09-30,1.0,24.513180502190597,0.7270187893581846,-5.48485007121714e-05,20.75038747437266,5.0,5.12564168771965,1.0,-0.012305198001912387,5
SGD,2027-09-30,1.0,24.513180502190597,0.7270187893581846,-5.48485007121714e-05,20.75038747437266,4.0,0.1696914027499674,0.967741935483871,-0.004894686655439301,2
AUD,2027-10-31,1.0,24.48069377252188,0.7270187893581846,-3.6839484499249074e-05,20.74001235268016,3.0,6.8980758922680945,0.967741935483871,-0.0010620022892219305,2
CAD,2027-10-31,1.0,24.48069377252188,0.7270187893581846,-3.6839484499249074e-05,20.74001235268016,4.0,0.20263729279324139,0.9666666666666667,-0.005822031691538476,2
CHF,2027-10-31,1.0,24.48069377252188,0.7270187893581846,-3.6839484499249074e-05,20.74001235268016,4.0,1.2454159654583514,1.0,-0.0028307697692661836,7
CNY,2027-10-31,1.0,24.48069377252188,0.7270187893581846,-3.6839484499249074e-05,20.74001235268016,1.0,14.579921439716696,1.0,0.001101761436823212,2
EUR,2027-10-31,1.0,24.48069377252188,0.7270187893581846,-3.6839484499249074e-05,20.74001235268016,5.0,9.318624958980376,0.9786407766990292,-0.0039465327746739665,38
GBP,2027-10-31,1.0,24.48069377252188,0.7270187893581846,-3.6839484499249074e-05,20.74001235268016,4.0,3.725629465951672,1.0,-0.009480026943746823,5
JPY,2027-10-31,1.0,24.48069377252188,0.7270187893581846,-3.6839484499249074e-05,20.74001235268016,5.0,5.12564168771965,1.0,-0.012305198001912387,5
SGD,2027-10-31,1.0,24.48069377252188,0.7270187893581846,-3.6839484499249074e-05,20.74001235268016,4.0,0.1696914027499674,0.967741935483871,-0.004894686655439301,2
AUD,2027-11-30,1.0,24.44820704285317,0.7270187893581846,-2.47435682023773e-05,20.729616072468282,3.0,6.8980758922680945,0.967741935483871,-0.0010620022892219305,2
CAD,2027-11-30,1.0,24.44820704285317,0.7270187893581846,-2.47435682023773e-05,20.729616072468282,4.0,0.20263729279324139,0.9666666666666667,-0.005822031691538476,2
CHF,2027-11-30,1.0,24.44820704285317,0.7270187893581846,-2.47435682023773e-05,20.729616072468282,4.0,1.2454159654583514,1.0,-0.0028307697692661836,7
CNY,2027-11-30,1.0,24.44820704285317,0.7270187893581846,-2.47435682023773e-05,20.729616072468282,1.0,14.579921439716696,1.0,0.001101761436823212,2
EUR,2027-11-30,1.0,24.44820704285317,0.7270187893581846,-2.47435682023773e-05,20.729616072468282,5.0,9.318624958980376,0.9786407766990292,-0.0039465327746739665,38
GBP,2027-11-30,1.0,24.44820704285317,0.7270187893581846,-2.47435682023773e-05,20.729616072468282,4.0,3.725629465951672,1.0,-0.009480026943746823,5
JPY,2027-11-30,1.0,24.44820704285317,0.7270187893581846,-2.47435682023773e-05,20.729616072468282,5.0,5.12564168771965,1.0,-0.012305198001912387,5
SGD,2027-11-30,1.0,24.44820704285317,0.7270187893581846,-2.47435682023773e-05,20.729616072468282,4.0,0.1696914027499674,0.967741935483871,-0.004894686655439301,2
AUD,2027-12-31,1.0,24.415720313184455,0.7270187893581846,-1.6619238181732256e-05,20.719204706657713,3.0,6.8980758922680945,0.967741935483871,-0.0010620022892219305,2
CAD,2027-12-31,1.0,24.415720313184455,0.7270187893581846,-1.6619238181732256e-05,20.719204706657713,4.0,0.20263729279324139,0.9666666666666667,-0.005822031691538476,2
CHF,2027-12-31,1.0,24.415720313184455,0.7270187893581846,-1.6619238181732256e-05,20.719204706657713,4.0,1.2454159654583514,1.0,-0.0028307697692661836,7
CNY,2027-12-31,1.0,24.415720313184455,0.7270187893581846,-1.6619238181732256e-05,20.719204706657713,1.0,14.579921439716696,1.0,0.001101761436823212,2
EUR,2027-12-31,1.0,24.415720313184455,0.7270187893581846,-1.6619238181732256e-05,20.719204706657713,5.0,9.318624958980376,0.9786407766990292,-0.0039465327746739665,38
GBP,2027-12-31,1.0,24.415720313184455,0.7270187893581846,-1.6619238181732256e-05,20.719204706657713,4.0,3.725629465951672,1.0,-0.009480026943746823,5
JPY,2027-12-31,1.0,24.415720313184455,0.7270187893581846,-1.6619238181732256e-05,20.719204706657713,5.0,5.12564168771965,1.0,-0.012305198001912387,5
SGD,2027-12-31,1.0,24.415720313184455,0.7270187893581846,-1.6619238181732256e-05,20.719204706657713,4.0,0.1696914027499674,0.967741935483871,-0.004894686655439301,2
AUD,2028-01-31,1.0,24.383233583515743,0.7270187893581846,-1.1162459491768576e-05,20.7087825996895,3.0,6.8980758922680945,0.967741935483871,-0.0010620022892219305,2
CAD,2028-01-31,1.0,24.383233583515743,0.7270187893581846,-1.1162459491768576e-05,20.7087825996895,4.0,0.20263729279324139,0.9666666666666667,-0.005822031691538476,2
CHF,2028-01-31,1.0,24.383233583515743,0.7270187893581846,-1.1162459491768576e-05,20.7087825996895,4.0,1.2454159654583514,1.0,-0.0028307697692661836,7
CNY,2028-01-31,1.0,24.383233583515743,0.7270187893581846,-1.1162459491768576e-05,20.7087825996895,1.0,14.579921439716696,1.0,0.001101761436823212,2
EUR,2028-01-31,1.0,24.383233583515743,0.7270187893581846,-1.1162459491768576e-05,20.7087825996895,5.0,9.318624958980376,0.9786407766990292,-0.0039465327746739665,38
GBP,2028-01-31,1.0,24.383233583515743,0.7270187893581846,-1.1162459491768576e-05,20.7087825996895,4.0,3.725629465951672,1.0,-0.009480026943746823,5
JPY,2028-01-31,1.0,24.383233583515743,0.7270187893581846,-1.1162459491768576e-05,20.7087825996895,5.0,5.12564168771965,1.0,-0.012305198001912387,5
SGD,2028-01-31,1.0,24.383233583515743,0.7270187893581846,-1.1162459491768576e-05,20.7087825996895,4.0,0.1696914027499674,0.967741935483871,-0.004894686655439301,2
AUD,2028-02-29,1.0,24.350746853847028,0.7270187893581846,-7.497365435326294e-06,20.69835285436804,3.0,6.8980758922680945,0.967741935483871,-0.0010620022892219305,2
CAD,2028-02-29,1.0,24.350746853847028,0.7270187893581846,-7.497365435326294e-06,20.69835285436804,4.0,0.20263729279324139,0.9666666666666667,-0.005822031691538476,2
CHF,2028-02-29,1.0,24.350746853847028,0.7270187893581846,-7.497365435326294e-06,20.69835285436804,4.0,1.2454159654583514,1.0,-0.0028307697692661836,7
CNY,2028-02-29,1.0,24.350746853847028,0.7270187893581846,-7.497365435326294e-06,20.69835285436804,1.0,14.579921439716696,1.0,0.001101761436823212,2
EUR,2028-02-29,1.0,24.350746853847028,0.7270187893581846,-7.497365435326294e-06,20.69835285436804,5.0,9.318624958980376,0.9786407766990292,-0.0039465327746739665,38
GBP,2028-02-29,1.0,24.350746853847028,0.7270187893581846,-7.497365435326294e-06,20.69835285436804,4.0,3.725629465951672,1.0,-0.009480026943746823,5
JPY,2028-02-29,1.0,24.350746853847028,0.7270187893581846,-7.497365435326294e-06,20.69835285436804,5.0,5.12564168771965,1.0,-0.012305198001912387,5
SGD,2028-02-29,1.0,24.350746853847028,0.7270187893581846,-7.497365435326294e-06,20.69835285436804,4.0,0.1696914027499674,0.967741935483871,-0.004894686655439301,2
AUD,2028-03-31,1.0,24.318260124178316,0.7270187893581846,-5.035672336561838e-06,20.68791768340254,3.0,6.8980758922680945,0.967741935483871,-0.0010620022892219305,2
CAD,2028-03-31,1.0,24.318260124178316,0.7270187893581846,-5.035672336561838e-06,20.68791768340254,4.0,0.20263729279324139,0.9666666666666667,-0.005822031691538476,2
CHF,2028-03-31,1.0,24.318260124178316,0.7270187893581846,-5.035672336561838e-06,20.68791768340254,4.0,1.2454159654583514,1.0,-0.0028307697692661836,7
CNY,2028-03-31,1.0,24.318260124178316,0.7270187893581846,-5.035672336561838e-06,20.68791768340254,1.0,14.579921439716696,1.0,0.001101761436823212,2
EUR,2028-03-31,1.0,24.318260124178316,0.7270187893581846,-5.035672336561838e-06,20.68791768340254,5.0,9.318624958980376,0.9786407766990292,-0.0039465327746739665,38
GBP,2028-03-31,1.0,24.318260124178316,0.7270187893581846,-5.035672336561838e-06,20.68791768340254,4.0,3.725629465951672,1.0,-0.009480026943746823,5
JPY,2028-03-31,1.0,24.318260124178316,0.7270187893581846,-5.035672336561838e-06,20.68791768340254,5.0,5.12564168771965,1.0,-0.012305198001912387,5
SGD,2028-03-31,1.0,24.318260124178316,0.7270187893581846,-5.035672336561838e-06,20.68791768340254,4.0,0.1696914027499674,0.967741935483871,-0.004894686655439301,2
AUD,2028-04-30,1.0,24.2857733945096,0.7270187893581846,-3.3822542198145313e-06,20.677478662588975,3.0,6.8980758922680945,0.967741935483871,-0.0010620022892219305,2
CAD,2028-04-30,1.0,24.2857733945096,0.7270187893581846,-3.3822542198145313e-06,20.677478662588975,4.0,0.20263729279324139,0.9666666666666667,-0.005822031691538476,2
CHF,2028-04-30,1.0,24.2857733945096,0.7270187893581846,-3.3822542198145313e-06,20.677478662588975,4.0,1.2454159654583514,1.0,-0.0028307697692661836,7
CNY,2028-04-30,1.0,24.2857733945096,0.7270187893581846,-3.3822542198145313e-06,20.677478662588975,1.0,14.579921439716696,1.0,0.001101761436823212,2
EUR,2028-04-30,1.0,24.2857733945096,0.7270187893581846,-3.3822542198145313e-06,20.677478662588975,5.0,9.318624958980376,0.9786407766990292,-0.0039465327746739665,37
GBP,2028-04-30,1.0,24.2857733945096,0.7270187893581846,-3.3822542198145313e-06,20.677478662588975,4.0,3.725629465951672,1.0,-0.009480026943746823,5
JPY,2028-04-30,1.0,24.2857733945096,0.7270187893581846,-3.3822542198145313e-06,20.677478662588975,5.0,5.12564168771965,1.0,-0.012305198001912387,5
SGD,2028-04-30,1.0,24.2857733945096,0.7270187893581846,-3.3822542198145313e-06,20.677478662588975,4.0,0.1696914027499674,0.967741935483871,-0.004894686655439301,2
AUD,2028-05-31,1.0,24.25328666484089,0.7270187893581846,-2.2717212008284012e-06,20.667036912733032,3.0,6.8980758922680945,0.967741935483871,-0.0010620022892219305,2
CAD,2028-05-31,1.0,24.25328666484089,0.7270187893581846,-2.2717212008284012e-06,20.667036912733032,4.0,0.20263729279324139,0.9666666666666667,-0.005822031691538476,2
CHF,2028-05-31,1.0,24.25328666484089,0.7270187893581846,-2.2717212008284012e-06,20.667036912733032,4.0,1.2454159654583514,1.0,-0.0028307697692661836,7
CNY,2028-05-31,1.0,24.25328666484089,0.7270187893581846,-2.2717212008284012e-06,20.667036912733032,1.0,14.579921439716696,1.0,0.001101761436823212,2
EUR,2028-05-31,1.0,24.25328666484089,0.7270187893581846,-2.2717212008284012e-06,20.667036912733032,5.0,9.318624958980376,0.9786407766990292,-0.0039465327746739665,37
GBP,2028-05-31,1.0,24.25328666484089,0.7270187893581846,-2.2717212008284012e-06,20.667036912733032,4.0,3.725629465951672,1.0,-0.009480026943746823,5
JPY,2028-05-31,1.0,24.25328666484089,0.7270187893581846,-2.2717212008284012e-06,20.667036912733032,5.0,5.12564168771965,1.0,-0.012305198001912387,5
SGD,2028-05-31,1.0,24.25328666484089,0.7270187893581846,-2.2717212008284012e-06,20.667036912733032,4.0,0.1696914027499674,0.967741935483871,-0.004894686655439301,2
AUD,2028-06-30,1.0,24.220799935172174,0.7270187893581846,-1.525821797787729e-06,20.656593230101123,3.0,6.8980758922680945,0.967741935483871,-0.0010620022892219305,2
CAD,2028-06-30,1.0,24.220799935172174,0.7270187893581846,-1.525821797787729e-06,20.656593230101123,4.0,0.20263729279324139,0.9666666666666667,-0.005822031691538476,2
CHF,2028-06-30,1.0,24.220799935172174,0.7270187893581846,-1.525821797787729e-06,20.656593230101123,4.0,1.2454159654583514,1.0,-0.0028307697692661836,7
CNY,2028-06-30,1.0,24.220799935172174,0.7270187893581846,-1.525821797787729e-06,20.656593230101123,1.0,14.579921439716696,1.0,0.001101761436823212,2
EUR,2028-06-30,1.0,24.220799935172174,0.7270187893581846,-1.525821797787729e-06,20.656593230101123,5.0,9.318624958980376,0.9786407766990292,-0.0039465327746739665,37
GBP,2028-06-30,1.0,24.220799935172174,0.7270187893581846,-1.525821797787729e-06,20.656593230101123,4.0,3.725629465951672,1.0,-0.009480026943746823,5
JPY,2028-06-30,1.0,24.220799935172174,0.7270187893581846,-1.525821797787729e-06,20.656593230101123,5.0,5.12564168771965,1.0,-0.012305198001912387,5
SGD,2028-06-30,1.0,24.220799935172174,0.7270187893581846,-1.525821797787729e-06,20.656593230101123,4.0,0.1696914027499674,0.967741935483871,-0.004894686655439301,2
AUD,2028-07-31,1.0,24.188313205503462,0.7270187893581846,-1.024831813748921e-06,20.64614817978932,3.0,6.8980758922680945,0.967741935483871,-0.0010620022892219305,2
CAD,2028-07-31,1.0,24.188313205503462,0.7270187893581846,-1.024831813748921e-06,20.64614817978932,4.0,0.20263729279324139,0.9666666666666667,-0.005822031691538476,2
CHF,2028-07-31,1.0,24.188313205503462,0.7270187893581846,-1.024831813748921e-06,20.64614817978932,4.0,1.2454159654583514,1.0,-0.0028307697692661836,7
CNY,2028-07-31,1.0,24.188313205503462,0.7270187893581846,-1.024831813748921e-06,20.64614817978932,1.0,14.579921439716696,1.0,0.001101761436823212,2
EUR,2028-07-31,1.0,24.188313205503462,0.7270187893581846,-1.024831813748921e-06,20.64614817978932,5.0,9.318624958980376,0.9786407766990292,-0.0039465327746739665,37
GBP,2028-07-31,1.0,24.188313205503462,0.7270187893581846,-1.024831813748921e-06,20.64614817978932,4.0,3.725629465951672,1.0,-0.009480026943746823,5
JPY,2028-07-31,1.0,24.188313205503462,0.7270187893581846,-1.024831813748921e-06,20.64614817978932,5.0,5.12564168771965,1.0,-0.012305198001912387,5
SGD,2028-07-31,1.0,24.188313205503462,0.7270187893581846,-1.024831813748921e-06,20.64614817978932,4.0,0.1696914027499674,0.967741935483871,-0.004894686655439301,2
AUD,2028-08-31,1.0,24.155826475834747,0.7270187893581846,-6.883374244465083e-07,20.635702162439202,3.0,6.8980758922680945,0.967741935483871,-0.0010620022892219305,2
CAD,2028-08-31,1.0,24.155826475834747,0.7270187893581846,-6.883374244465083e-07,20.635702162439202,4.0,0.20263729279324139,0.9666666666666667,-0.005822031691538476,2
CHF,2028-08-31,1.0,24.155826475834747,0.7270187893581846,-6.883374244465083e-07,20.635702162439202,4.0,1.2454159654583514,1.0,-0.0028307697692661836,7
CNY,2028-08-31,1.0,24.155826475834747,0.7270187893581846,-6.883374244465083e-07,20.635702162439202,1.0,14.579921439716696,1.0,0.001101761436823212,2
EUR,2028-08-31,1.0,24.155826475834747,0.7270187893581846,-6.883374244465083e-07,20.635702162439202,5.0,9.318624958980376,0.9786407766990292,-0.0039465327746739665,37
GBP,2028-08-31,1.0,24.155826475834747,0.7270187893581846,-6.883374244465083e-07,20.635702162439202,4.0,3.725629465951672,1.0,-0.009480026943746823,4
JPY,2028-08-31,1.0,24.155826475834747,0.7270187893581846,-6.883374244465083e-07,20.635702162439202,5.0,5.12564168771965,1.0,-0.012305198001912387,5
SGD,2028-08-31,1.0,24.155826475834747,0.7270187893581846,-6.883374244465083e-07,20.635702162439202,4.0,0.1696914027499674,0.967741935483871,-0.004894686655439301,2
AUD,2028-09-30,1.0,24.12333974616603,0.7270187893581846,-4.6232796789171867e-07,20.625255461836147,3.0,6.8980758922680945,0.967741935483871,-0.0010620022892219305,2
CAD,2028-09-30,1.0,24.12333974616603,0.7270187893581846,-4.6232796789171867e-07,20.625255461836147,4.0,0.20263729279324139,0.9666666666666667,-0.005822031691538476,2
CHF,2028-09-30,1.0,24.12333974616603,0.7270187893581846,-4.6232796789171867e-07,20.625255461836147,4.0,1.2454159654583514,1.0,-0.0028307697692661836,7
CNY,2028-09-30,1.0,24.12333974616603,0.7270187893581846,-4.6232796789171867e-07,20.625255461836147,1.0,14.579921439716696,1.0,0.001101761436823212,2
EUR,2028-09-30,1.0,24.12333974616603,0.7270187893581846,-4.6232796789171867e-07,20.625255461836147,5.0,9.318624958980376,0.9786407766990292,-0.0039465327746739665,37
GBP,2028-09-30,1.0,24.12333974616603,0.7270187893581846,-4.6232796789171867e-07,20.625255461836147,4.0,3.725629465951672,1.0,-0.009480026943746823,4
JPY,2028-09-30,1.0,24.12333974616603,0.7270187893581846,-4.6232796789171867e-07,20.625255461836147,5.0,5.12564168771965,1.0,-0.012305198001912387,5
SGD,2028-09-30,1.0,24.12333974616603,0.7270187893581846,-4.6232796789171867e-07,20.625255461836147,4.0,0.1696914027499674,0.967741935483871,-0.004894686655439301,2
AUD,2028-10-31,1.0,24.09085301649732,0.7270187893581846,-3.1052670143349935e-07,20.614808278820867,3.0,6.8980758922680945,0.967741935483871,-0.0010620022892219305,2
CAD,2028-10-31,1.0,24.09085301649732,0.7270187893581846,-3.1052670143349935e-07,20.614808278820867,4.0,0.20263729279324139,0.9666666666666667,-0.005822031691538476,2
CHF,2028-10-31,1.0,24.09085301649732,0.7270187893581846,-3.1052670143349935e-07,20.614808278820867,4.0,1.2454159654583514,1.0,-0.0028307697692661836,7
CNY,2028-10-31,1.0,24.09085301649732,0.7270187893581846,-3.1052670143349935e-07,20.614808278820867,1.0,14.579921439716696,1.0,0.001101761436823212,2
EUR,2028-10-31,1.0,24.09085301649732,0.7270187893581846,-3.1052670143349935e-07,20.614808278820867,5.0,9.318624958980376,0.9786407766990292,-0.0039465327746739665,37
GBP,2028-10-31,1.0,24.09085301649732,0.7270187893581846,-3.1052670143349935e-07,20.614808278820867,4.0,3.725629465951672,1.0,-0.009480026943746823,4
JPY,2028-10-31,1.0,24.09085301649732,0.7270187893581846,-3.1052670143349935e-07,20.614808278820867,5.0,5.12564168771965,1.0,-0.012305198001912387,5
SGD,2028-10-31,1.0,24.09085301649732,0.7270187893581846,-3.1052670143349935e-07,20.614808278820867,4.0,0.1696914027499674,0.967741935483871,-0.004894686655439301,2
AUD,2028-11-30,1.0,24.058366286828605,0.7270187893581846,-2.0856802744884237e-07,20.604360755418796,3.0,6.8980758922680945,0.967741935483871,-0.0010620022892219305,2
CAD,2028-11-30,1.0,24.058366286828605,0.7270187893581846,-2.0856802744884237e-07,20.604360755418796,4.0,0.20263729279324139,0.9666666666666667,-0.005822031691538476,2
CHF,2028-11-30,1.0,24.058366286828605,0.7270187893581846,-2.0856802744884237e-07,20.604360755418796,4.0,1.2454159654583514,1.0,-0.0028307697692661836,7
CNY,2028-11-30,1.0,24.058366286828605,0.7270187893581846,-2.0856802744884237e-07,20.604360755418796,1.0,14.579921439716696,1.0,0.001101761436823212,2
EUR,2028-11-30,1.0,24.058366286828605,0.7270187893581846,-2.0856802744884237e-07,20.604360755418796,5.0,9.318624958980376,0.9786407766990292,-0.0039465327746739665,37
GBP,2028-11-30,1.0,24.058366286828605,0.7270187893581846,-2.0856802744884237e-07,20.604360755418796,4.0,3.725629465951672,1.0,-0.009480026943746823,4
JPY,2028-11-30,1.0,24.058366286828605,0.7270187893581846,-2.0856802744884237e-07,20.604360755418796,5.0,5.12564168771965,1.0,-0.012305198001912387,5
SGD,2028-11-30,1.0,24.058366286828605,0.7270187893581846,-2.0856802744884237e-07,20.604360755418796,4.0,0.1696914027499674,0.967741935483871,-0.004894686655439301,2
AUD,2028-12-31,1.0,24.025879557159893,0.7270187893581846,-1.4008657506536852e-07,20.593912991988788,3.0,6.8980758922680945,0.967741935483871,-0.0010620022892219305,2
CAD,2028-12-31,1.0,24.025879557159893,0.7270187893581846,-1.4008657506536852e-07,20.593912991988788,4.0,0.20263729279324139,0.9666666666666667,-0.005822031691538476,2
CHF,2028-12-31,1.0,24.025879557159893,0.7270187893581846,-1.4008657506536852e-07,20.593912991988788,4.0,1.2454159654583514,1.0,-0.0028307697692661836,7
CNY,2028-12-31,1.0,24.025879557159893,0.7270187893581846,-1.4008657506536852e-07,20.593912991988788,1.0,14.579921439716696,1.0,0.001101761436823212,2
EUR,2028-12-31,1.0,24.025879557159893,0.7270187893581846,-1.4008657506536852e-07,20.593912991988788,5.0,9.318624958980376,0.9786407766990292,-0.0039465327746739665,37
GBP,2028-12-31,1.0,24.025879557159893,0.7270187893581846,-1.4008657506536852e-07,20.593912991988788,4.0,3.725629465951672,1.0,-0.009480026943746823,4
JPY,2028-12-31,1.0,24.025879557159893,0.7270187893581846,-1.4008657506536852e-07,20.593912991988788,5.0,5.12564168771965,1.0,-0.012305198001912387,5
SGD,2028-12-31,1.0,24.025879557159893,0.7270187893581846,-1.4008657506536852e-07,20.593912991988788,4.0,0.1696914027499674,0.967741935483871,-0.004894686655439301,2
AUD,2029-01-31,1.0,23.993392827491178,0.7270187893581846,-9.409039703292651e-08,20.583465059397355,3.0,6.8980758922680945,0.967741935483871,-0.0010620022892219305,2
CAD,2029-01-31,1.0,23.993392827491178,0.7270187893581846,-9.409039703292651e-08,20.583465059397355,4.0,0.20263729279324139,0.9666666666666667,-0.005822031691538476,2
CHF,2029-01-31,1.0,23.993392827491178,0.7270187893581846,-9.409039703292651e-08,20.583465059397355,4.0,1.2454159654583514,1.0,-0.0028307697692661836,7
CNY,2029-01-31,1.0,23.993392827491178,0.7270187893581846,-9.409039703292651e-08,20.583465059397355,1.0,14.579921439716696,1.0,0.001101761436823212,2
EUR,2029-01-31,1.0,23.993392827491178,0.7270187893581846,-9.409039703292651e-08,20.583465059397355,5.0,9.318624958980376,0.9786407766990292,-0.0039465327746739665,37
GBP,2029-01-31,1.0,23.993392827491178,0.7270187893581846,-9.409039703292651e-08,20.583465059397355,4.0,3.725629465951672,1.0,-0.009480026943746823,4
JPY,2029-01-31,1.0,23.993392827491178,0.7270187893581846,-9.409039703292651e-08,20.583465059397355,5.0,5.12564168771965,1.0,-0.012305198001912387,5
SGD,2029-01-31,1.0,23.993392827491178,0.7270187893581846,-9.409039703292651e-08,20.583465059397355,4.0,0.1696914027499674,0.967741935483871,-0.004894686655439301,2
AUD,2029-02-28,1.0,23.960906097822466,0.7270187893581846,-6.319665398341937e-08,20.573017007652687,3.0,6.8980758922680945,0.967741935483871,-0.0010620022892219305,2
CAD,2029-02-28,1.0,23.960906097822466,0.7270187893581846,-6.319665398341937e-08,20.573017007652687,4.0,0.20263729279324139,0.9666666666666667,-0.005822031691538476,2
CHF,2029-02-28,1.0,23.960906097822466,0.7270187893581846,-6.319665398341937e-08,20.573017007652687,4.0,1.2454159654583514,1.0,-0.0028307697692661836,7
CNY,2029-02-28,1.0,23.960906097822466,0.7270187893581846,-6.319665398341937e-08,20.573017007652687,1.0,14.579921439716696,1.0,0.001101761436823212,2
EUR,2029-02-28,1.0,23.960906097822466,0.7270187893581846,-6.319665398341937e-08,20.573017007652687,5.0,9.318624958980376,0.9786407766990292,-0.0039465327746739665,37
GBP,2029-02-28,1.0,23.960906097822466,0.7270187893581846,-6.319665398341937e-08,20.573017007652687,4.0,3.725629465951672,1.0,-0.009480026943746823,4
JPY,2029-02-28,1.0,23.960906097822466,0.7270187893581846,-6.319665398341937e-08,20.573017007652687,5.0,5.12564168771965,1.0,-0.012305198001912387,5
SGD,2029-02-28,1.0,23.960906097822466,0.7270187893581846,-6.319665398341937e-08,20.573017007652687,4.0,0.1696914027499674,0.967741935483871,-0.004894686655439301,2
AUD,2029-03-31,1.0,23.92841936815375,0.7270187893581846,-4.244659603434807e-08,20.56256887202217,3.0,6.8980758922680945,0.967741935483871,-0.0010620022892219305,2
CAD,2029-03-31,1.0,23.92841936815375,0.7270187893581846,-4.244659603434807e-08,20.56256887202217,4.0,0.20263729279324139,0.9666666666666667,-0.005822031691538476,2
CHF,2029-03-31,1.0,23.92841936815375,0.7270187893581846,-4.244659603434807e-08,20.56256887202217,4.0,1.2454159654583514,1.0,-0.0028307697692661836,7
CNY,2029-03-31,1.0,23.92841936815375,0.7270187893581846,-4.244659603434807e-08,20.56256887202217,1.0,14.579921439716696,1.0,0.001101761436823212,2
EUR,2029-03-31,1.0,23.92841936815375,0.7270187893581846,-4.244659603434807e-08,20.56256887202217,5.0,9.318624958980376,0.9786407766990292,-0.0039465327746739665,37
GBP,2029-03-31,1.0,23.92841936815375,0.7270187893581846,-4.244659603434807e-08,20.56256887202217,4.0,3.725629465951672,1.0,-0.009480026943746823,4
JPY,2029-03-31,1.0,23.92841936815375,0.7270187893581846,-4.244659603434807e-08,20.56256887202217,5.0,5.12564168771965,1.0,-0.012305198001912387,5
SGD,2029-03-31,1.0,23.92841936815375,0.7270187893581846,-4.244659603434807e-08,20.56256887202217,4.0,0.1696914027499674,0.967741935483871,-0.004894686655439301,2
AUD,2029-04-30,1.0,23.89593263848504,0.7270187893581846,-2.8509634617926712e-08,20.552120677363064,3.0,6.8980758922680945,0.967741935483871,-0.0010620022892219305,2
CAD,2029-04-30,1.0,23.89593263848504,0.7270187893581846,-2.8509634617926712e-08,20.552120677363064,4.0,0.20263729279324139,0.9666666666666667,-0.005822031691538476,2
CHF,2029-04-30,1.0,23.89593263848504,0.7270187893581846,-2.8509634617926712e-08,20.552120677363064,4.0,1.2454159654583514,1.0,-0.0028307697692661836,7
CNY,2029-04-30,1.0,23.89593263848504,0.7270187893581846,-2.8509634617926712e-08,20.552120677363064,1.0,14.579921439716696,1.0,0.001101761436823212,2
EUR,2029-04-30,1.0,23.89593263848504,0.7270187893581846,-2.8509634617926712e-08,20.552120677363064,5.0,9.318624958980376,0.9786407766990292,-0.0039465327746739665,36
GBP,2029-04-30,1.0,23.89593263848504,0.7270187893581846,-2.8509634617926712e-08,20.552120677363064,4.0,3.725629465951672,1.0,-0.009480026943746823,4
JPY,2029-04-30,1.0,23.89593263848504,0.7270187893581846,-2.8509634617926712e-08,20.552120677363064,5.0,5.12564168771965,1.0,-0.012305198001912387,5
SGD,2029-04-30,1.0,23.89593263848504,0.7270187893581846,-2.8509634617926712e-08,20.552120677363064,4.0,0.1696914027499674,0.967741935483871,-0.004894686655439301,2
AUD,2029-05-31,1.0,23.863445908816324,0.7270187893581846,-1.9148750229094865e-08,20.541672441185774,3.0,6.8980758922680945,0.967741935483871,-0.0010620022892219305,2
CAD,2029-05-31,1.0,23.863445908816324,0.7270187893581846,-1.9148750229094865e-08,20.541672441185774,4.0,0.20263729279324139,0.9666666666666667,-0.005822031691538476,2
CHF,2029-05-31,1.0,23.863445908816324,0.7270187893581846,-1.9148750229094865e-08,20.541672441185774,4.0,1.2454159654583514,1.0,-0.0028307697692661836,7
CNY,2029-05-31,1.0,23.863445908816324,0.7270187893581846,-1.9148750229094865e-08,20.541672441185774,1.0,14.579921439716696,1.0,0.001101761436823212,2
EUR,2029-05-31,1.0,23.863445908816324,0.7270187893581846,-1.9148750229094865e-08,20.541672441185774,5.0,9.318624958980376,0.9786407766990292,-0.0039465327746739665,36
GBP,2029-05-31,1.0,23.863445908816324,0.7270187893581846,-1.9148750229094865e-08,20.541672441185774,4.0,3.725629465951672,1.0,-0.009480026943746823,4
JPY,2029-05-31,1.0,23.863445908816324,0.7270187893581846,-1.9148750229094865e-08,20.541672441185774,5.0,5.12564168771965,1.0,-0.012305198001912387,4
SGD,2029-05-31,1.0,23.863445908816324,0.7270187893581846,-1.9148750229094865e-08,20.541672441185774,4.0,0.1696914027499674,0.967741935483871,-0.004894686655439301,2
AUD,2029-06-30,1.0,23.830959179147612,0.7270187893581846,-1.2861428773369987e-08,20.531224175818934,3.0,6.8980758922680945,0.967741935483871,-0.0010620022892219305,2
CAD,2029-06-30,1.0,23.830959179147612,0.7270187893581846,-1.2861428773369987e-08,20.531224175818934,4.0,0.20263729279324139,0.9666666666666667,-0.005822031691538476,2
CHF,2029-06-30,1.0,23.830959179147612,0.7270187893581846,-1.2861428773369987e-08,20.531224175818934,4.0,1.2454159654583514,1.0,-0.0028307697692661836,7
CNY,2029-06-30,1.0,23.830959179147612,0.7270187893581846,-1.2861428773369987e-08,20.531224175818934,1.0,14.579921439716696,1.0,0.001101761436823212,2
EUR,2029-06-30,1.0,23.830959179147612,0.7270187893581846,-1.2861428773369987e-08,20.531224175818934,5.0,9.318624958980376,0.9786407766990292,-0.0039465327746739665,36
GBP,2029-06-30,1.0,23.830959179147612,0.7270187893581846,-1.2861428773369987e-08,20.531224175818934,4.0,3.725629465951672,1.0,-0.009480026943746823,4
JPY,2029-06-30,1.0,23.830959179147612,0.7270187893581846,-1.2861428773369987e-08,20.531224175818934,5.0,5.12564168771965,1.0,-0.012305198001912387,4
SGD,2029-06-30,1.0,23.830959179147612,0.7270187893581846,-1.2861428773369987e-08,20.531224175818934,4.0,0.1696914027499674,0.967741935483871,-0.004894686655439301,2
AUD,2029-07-31,1.0,23.798472449478897,0.7270187893581846,-8.638493263688787e-09,20.520775889938598,3.0,6.8980758922680945,0.967741935483871,-0.0010620022892219305,2
CAD,2029-07-31,1.0,23.798472449478897,0.7270187893581846,-8.638493263688787e-09,20.520775889938598,4.0,0.20263729279324139,0.9666666666666667,-0.005822031691538476,2
CHF,2029-07-31,1.0,23.798472449478897,0.7270187893581846,-8.638493263688787e-09,20.520775889938598,4.0,1.2454159654583514,1.0,-0.0028307697692661836,7
CNY,2029-07-31,1.0,23.798472449478897,0.7270187893581846,-8.638493263688787e-09,20.520775889938598,1.0,14.579921439716696,1.0,0.001101761436823212,2
EUR,2029-07-31,1.0,23.798472449478897,0.7270187893581846,-8.638493263688787e-09,20.520775889938598,5.0,9.318624958980376,0.9786407766990292,-0.0039465327746739665,36
GBP,2029-07-31,1.0,23.798472449478897,0.7270187893581846,-8.638493263688787e-09,20.520775889938598,4.0,3.725629465951672,1.0,-0.009480026943746823,4
JPY,2029-07-31,1.0,23.798472449478897,0.7270187893581846,-8.638493263688787e-09,20.520775889938598,5.0,5.12564168771965,1.0,-0.012305198001912387,4
SGD,2029-07-31,1.0,23.798472449478897,0.7270187893581846,-8.638493263688787e-09,20.520775889938598,4.0,0.1696914027499674,0.967741935483871,-0.004894686655439301,2
AUD,2029-08-31,1.0,23.765985719810182,0.7270187893581846,-5.802120979480458e-09,20.510327589647602,3.0,6.8980758922680945,0.967741935483871,-0.0010620022892219305,2
CAD,2029-08-31,1.0,23.765985719810182,0.7270187893581846,-5.802120979480458e-09,20.510327589647602,4.0,0.20263729279324139,0.9666666666666667,-0.005822031691538476,2
CHF,2029-08-31,1.0,23.765985719810182,0.7270187893581846,-5.802120979480458e-09,20.510327589647602,4.0,1.2454159654583514,1.0,-0.0028307697692661836,7
CNY,2029-08-31,1.0,23.765985719810182,0.7270187893581846,-5.802120979480458e-09,20.510327589647602,1.0,14.579921439716696,1.0,0.001101761436823212,2
EUR,2029-08-31,1.0,23.765985719810182,0.7270187893581846,-5.802120979480458e-09,20.510327589647602,5.0,9.318624958980376,0.9786407766990292,-0.0039465327746739665,36
GBP,2029-08-31,1.0,23.765985719810182,0.7270187893581846,-5.802120979480458e-09,20.510327589647602,4.0,3.725629465951672,1.0,-0.009480026943746823,4
JPY,2029-08-31,1.0,23.765985719810182,0.7270187893581846,-5.802120979480458e-09,20.510327589647602,5.0,5.12564168771965,1.0,-0.012305198001912387,4
SGD,2029-08-31,1.0,23.765985719810182,0.7270187893581846,-5.802120979480458e-09,20.510327589647602,4.0,0.1696914027499674,0.967741935483871,-0.004894686655439301,2
AUD,2029-09-30,1.0,23.73349899014147,0.7270187893581846,-3.897046247417473e-09,20.499879279236858,3.0,6.8980758922680945,0.967741935483871,-0.0010620022892219305,2
CAD,2029-09-30,1.0,23.73349899014147,0.7270187893581846,-3.897046247417473e-09,20.499879279236858,4.0,0.20263729279324139,0.9666666666666667,-0.005822031691538476,2
CHF,2029-09-30,1.0,23.73349899014147,0.7270187893581846,-3.897046247417473e-09,20.499879279236858,4.0,1.2454159654583514,1.0,-0.0028307697692661836,7
CNY,2029-09-30,1.0,23.73349899014147,0.7270187893581846,-3.897046247417473e-09,20.499879279236858,1.0,14.579921439716696,1.0,0.001101761436823212,2
EUR,2029-09-30,1.0,23.73349899014147,0.7270187893581846,-3.897046247417473e-09,20.499879279236858,5.0,9.318624958980376,0.9786407766990292,-0.0039465327746739665,36
GBP,2029-09-30,1.0,23.73349899014147,0.7270187893581846,-3.897046247417473e-09,20.499879279236858,4.0,3.725629465951672,1.0,-0.009480026943746823,4
JPY,2029-09-30,1.0,23.73349899014147,0.7270187893581846,-3.897046247417473e-09,20.499879279236858,5.0,5.12564168771965,1.0,-0.012305198001912387,4
SGD,2029-09-30,1.0,23.73349899014147,0.7270187893581846,-3.897046247417473e-09,20.499879279236858,4.0,0.1696914027499674,0.967741935483871,-0.004894686655439301,2
AUD,2029-10-31,1.0,23.701012260472755,0.7270187893581846,-2.617485819136866e-09,20.489430961722086,3.0,6.8980758922680945,0.967741935483871,-0.0010620022892219305,2
CAD,2029-10-31,1.0,23.701012260472755,0.7270187893581846,-2.617485819136866e-09,20.489430961722086,4.0,0.20263729279324139,0.9666666666666667,-0.005822031691538476,2
CHF,2029-10-31,1.0,23.701012260472755,0.7270187893581846,-2.617485819136866e-09,20.489430961722086,4.0,1.2454159654583514,1.0,-0.0028307697692661836,7
CNY,2029-10-31,1.0,23.701012260472755,0.7270187893581846,-2.617485819136866e-09,20.489430961722086,1.0,14.579921439716696,1.0,0.001101761436823212,2
EUR,2029-10-31,1.0,23.701012260472755,0.7270187893581846,-2.617485819136866e-09,20.489430961722086,5.0,9.318624958980376,0.9786407766990292,-0.0039465327746739665,36
GBP,2029-10-31,1.0,23.701012260472755,0.7270187893581846,-2.617485819136866e-09,20.489430961722086,4.0,3.725629465951672,1.0,-0.009480026943746823,4
JPY,2029-10-31,1.0,23.701012260472755,0.7270187893581846,-2.617485819136866e-09,20.489430961722086,5.0,5.12564168771965,1.0,-0.012305198001912387,4
SGD,2029-10-31,1.0,23.701012260472755,0.7270187893581846,-2.617485819136866e-09,20.489430961722086,4.0,0.1696914027499674,0.967741935483871,-0.004894686655439301,2
AUD,2029-11-30,1.0,23.668525530804043,0.7270187893581846,-1.7580576496977262e-09,20.47898263922196,3.0,6.8980758922680945,0.967741935483871,-0.0010620022892219305,2
CAD,2029-11-30,1.0,23.668525530804043,0.7270187893581846,-1.7580576496977262e-09,20.47898263922196,4.0,0.20263729279324139,0.9666666666666667,-0.005822031691538476,2
CHF,2029-11-30,1.0,23.668525530804043,0.7270187893581846,-1.7580576496977262e-09,20.47898263922196,4.0,1.2454159654583514,1.0,-0.0028307697692661836,7
CNY,2029-11-30,1.0,23.668525530804043,0.7270187893581846,-1.7580576496977262e-09,20.47898263922196,1.0,14.579921439716696,1.0,0.001101761436823212,2
EUR,2029-11-30,1.0,23.668525530804043,0.7270187893581846,-1.7580576496977262e-09,20.47898263922196,5.0,9.318624958980376,0.9786407766990292,-0.0039465327746739665,36
GBP,2029-11-30,1.0,23.668525530804043,0.7270187893581846,-1.7580576496977262e-09,20.47898263922196,4.0,3.725629465951672,1.0,-0.009480026943746823,4
JPY,2029-11-30,1.0,23.668525530804043,0.7270187893581846,-1.7580576496977262e-09,20.47898263922196,5.0,5.12564168771965,1.0,-0.012305198001912387,4
SGD,2029-11-30,1.0,23.668525530804043,0.7270187893581846,-1.7580576496977262e-09,20.47898263922196,4.0,0.1696914027499674,0.967741935483871,-0.004894686655439301,2
AUD,2029-12-31,1.0,23.636038801135328,0.7270187893581846,-1.1808150575537837e-09,20.46853431322438,3.0,6.8980758922680945,0.967741935483871,-0.0010620022892219305,2
CAD,2029-12-31,1.0,23.636038801135328,0.7270187893581846,-1.1808150575537837e-09,20.46853431322438,4.0,0.20263729279324139,0.9666666666666667,-0.005822031691538476,2
CHF,2029-12-31,1.0,23.636038801135328,0.7270187893581846,-1.1808150575537837e-09,20.46853431322438,4.0,1.2454159654583514,1.0,-0.0028307697692661836,7
CNY,2029-12-31,1.0,23.636038801135328,0.7270187893581846,-1.1808150575537837e-09,20.46853431322438,1.0,14.579921439716696,1.0,0.001101761436823212,2
EUR,2029-12-31,1.0,23.636038801135328,0.7270187893581846,-1.1808150575537837e-09,20.46853431322438,5.0,9.318624958980376,0.9786407766990292,-0.0039465327746739665,36
GBP,2029-12-31,1.0,23.636038801135328,0.7270187893581846,-1.1808150575537837e-09,20.46853431322438,4.0,3.725629465951672,1.0,-0.009480026943746823,4
JPY,2029-12-31,1.0,23.636038801135328,0.7270187893581846,-1.1808150575537837e-09,20.46853431322438,5.0,5.12564168771965,1.0,-0.012305198001912387,4
SGD,2029-12-31,1.0,23.636038801135328,0.7270187893581846,-1.1808150575537837e-09,20.46853431322438,4.0,0.1696914027499674,0.967741935483871,-0.004894686655439301,2
AUD,2030-01-31,1.0,23.603552071466616,0.7270187893581846,-7.931049241955659e-10,20.458085984773916,3.0,6.8980758922680945,0.967741935483871,-0.0010620022892219305,2
CAD,2030-01-31,1.0,23.603552071466616,0.7270187893581846,-7.931049241955659e-10,20.458085984773916,4.0,0.20263729279324139,0.9666666666666667,-0.005822031691538476,2
CHF,2030-01-31,1.0,23.603552071466616,0.7270187893581846,-7.931049241955659e-10,20.458085984773916,4.0,1.2454159654583514,1.0,-0.0028307697692661836,7
CNY,2030-01-31,1.0,23.603552071466616,0.7270187893581846,-7.931049241955659e-10,20.458085984773916,1.0,14.579921439716696,1.0,0.001101761436823212,2
EUR,2030-01-31,1.0,23.603552071466616,0.7270187893581846,-7.931049241955659e-10,20.458085984773916,5.0,9.318624958980376,0.9786407766990292,-0.0039465327746739665,36
GBP,2030-01-31,1.0,23.603552071466616,0.7270187893581846,-7.931049241955659e-10,20.458085984773916,4.0,3.725629465951672,1.0,-0.009480026943746823,4
JPY,2030-01-31,1.0,23.603552071466616,0.7270187893581846,-7.931049241955659e-10,20.458085984773916,5.0,5.12564168771965,1.0,-0.012305198001912387,4
SGD,2030-01-31,1.0,23.603552071466616,0.7270187893581846,-7.931049241955659e-10,20.458085984773916,4.0,0.1696914027499674,0.967741935483871,-0.004894686655439301,2
AUD,2030-02-28,1.0,23.5710653417979,0.7270187893581846,-5.326959565371935e-10,20.44763765460364,3.0,6.8980758922680945,0.967741935483871,-0.0010620022892219305,2
CAD,2030-02-28,1.0,23.5710653417979,0.7270187893581846,-5.326959565371935e-10,20.44763765460364,4.0,0.20263729279324139,0.9666666666666667,-0.005822031691538476,2
CHF,2030-02-28,1.0,23.5710653417979,0.7270187893581846,-5.326959565371935e-10,20.44763765460364,4.0,1.2454159654583514,1.0,-0.0028307697692661836,7
CNY,2030-02-28,1.0,23.5710653417979,0.7270187893581846,-5.326959565371935e-10,20.44763765460364,1.0,14.579921439716696,1.0,0.001101761436823212,2
EUR,2030-02-28,1.0,23.5710653417979,0.7270187893581846,-5.326959565371935e-10,20.44763765460364,5.0,9.318624958980376,0.9786407766990292,-0.0039465327746739665,36
GBP,2030-02-28,1.0,23.5710653417979,0.7270187893581846,-5.326959565371935e-10,20.44763765460364,4.0,3.725629465951672,1.0,-0.009480026943746823,4
JPY,2030-02-28,1.0,23.5710653417979,0.7270187893581846,-5.326959565371935e-10,20.44763765460364,5.0,5.12564168771965,1.0,-0.012305198001912387,4
SGD,2030-02-28,1.0,23.5710653417979,0.7270187893581846,-5.326959565371935e-10,20.44763765460364,4.0,0.1696914027499674,0.967741935483871,-0.004894686655439301,2
AUD,2030-03-31,1.0,23.53857861212919,0.7270187893581846,-3.57789951761082e-10,20.437189323227862,3.0,6.8980758922680945,0.967741935483871,-0.0010620022892219305,2
CAD,2030-03-31,1.0,23.53857861212919,0.7270187893581846,-3.57789951761082e-10,20.437189323227862,4.0,0.20263729279324139,0.9666666666666667,-0.005822031691538476,2
CHF,2030-03-31,1.0,23.53857861212919,0.7270187893581846,-3.57789951761082e-10,20.437189323227862,4.0,1.2454159654583514,1.0,-0.0028307697692661836,7
CNY,2030-03-31,1.0,23.53857861212919,0.7270187893581846,-3.57789951761082e-10,20.437189323227862,1.0,14.579921439716696,1.0,0.001101761436823212,2
EUR,2030-03-31,1.0,23.53857861212919,0.7270187893581846,-3.57789951761082e-10,20.437189323227862,5.0,9.318624958980376,0.9786407766990292,-0.0039465327746739665,36
GBP,2030-03-31,1.0,23.53857861212919,0.7270187893581846,-3.57789951761082e-10,20.437189323227862,4.0,3.725629465951672,1.0,-0.009480026943746823,4
JPY,2030-03-31,1.0,23.53857861212919,0.7270187893581846,-3.57789951761082e-10,20.437189323227862,5.0,5.12564168771965,1.0,-0.012305198001912387,4
SGD,2030-03-31,1.0,23.53857861212919,0.7270187893581846,-3.57789951761082e-10,20.437189323227862,4.0,0.1696914027499674,0.967741935483871,-0.004894686655439301,2
AUD,2030-04-30,1.0,23.506091882460474,0.7270187893581846,-2.4031277429738346e-10,20.426740991007307,3.0,6.8980758922680945,0.967741935483871,-0.0010620022892219305,2
CAD,2030-04-30,1.0,23.506091882460474,0.7270187893581846,-2.4031277429738346e-10,20.426740991007307,4.0,0.20263729279324139,0.9666666666666667,-0.005822031691538476,2
CHF,2030-04-30,1.0,23.506091882460474,0.7270187893581846,-2.4031277429738346e-10,20.426740991007307,4.0,1.2454159654583514,1.0,-0.0028307697692661836,7
CNY,2030-04-30,1.0,23.506091882460474,0.7270187893581846,-2.4031277429738346e-10,20.426740991007307,1.0,14.579921439716696,1.0,0.001101761436823212,2
EUR,2030-04-30,1.0,23.506091882460474,0.7270187893581846,-2.4031277429738346e-10,20.426740991007307,5.0,9.318624958980376,0.9786407766990292,-0.0039465327746739665,35
GBP,2030-04-30,1.0,23.506091882460474,0.7270187893581846,-2.4031277429738346e-10,20.426740991007307,4.0,3.725629465951672,1.0,-0.009480026943746823,4
JPY,2030-04-30,1.0,23.506091882460474,0.7270187893581846,-2.4031277429738346e-10,20.426740991007307,5.0,5.12564168771965,1.0,-0.012305198001912387,4
SGD,2030-04-30,1.0,23.506091882460474,0.7270187893581846,-2.4031277429738346e-10,20.426740991007307,4.0,0.1696914027499674,0.967741935483871,-0.004894686655439301,2
AUD,2030-05-31,1.0,23.473605152791762,0.7270187893581846,-1.6140818069864938e-10,20.416292658194905,3.0,6.8980758922680945,0.967741935483871,-0.0010620022892219305,2
CAD,2030-05-31,1.0,23.473605152791762,0.7270187893581846,-1.6140818069864938e-10,20.416292658194905,4.0,0.20263729279324139,0.9666666666666667,-0.005822031691538476,2
CHF,2030-05-31,1.0,23.473605152791762,0.7270187893581846,-1.6140818069864938e-10,20.416292658194905,4.0,1.2454159654583514,1.0,-0.0028307697692661836,7
CNY,2030-05-31,1.0,23.473605152791762,0.7270187893581846,-1.6140818069864938e-10,20.416292658194905,1.0,14.579921439716696,1.0,0.001101761436823212,2
EUR,2030-05-31,1.0,23.473605152791762,0.7270187893581846,-1.6140818069864938e-10,20.416292658194905,5.0,9.318624958980376,0.9786407766990292,-0.0039465327746739665,35
GBP,2030-05-31,1.0,23.473605152791762,0.7270187893581846,-1.6140818069864938e-10,20.416292658194905,4.0,3.725629465951672,1.0,-0.009480026943746823,4
JPY,2030-05-31,1.0,23.473605152791762,0.7270187893581846,-1.6140818069864938e-10,20.416292658194905,5.0,5.12564168771965,1.0,-0.012305198001912387,4
SGD,2030-05-31,1.0,23.473605152791762,0.7270187893581846,-1.6140818069864938e-10,20.416292658194905,4.0,0.1696914027499674,0.967741935483871,-0.004894686655439301,2
AUD,2030-06-30,1.0,23.441118423123047,0.7270187893581846,-1.0841120694257452e-10,20.40584432496795,3.0,6.8980758922680945,0.967741935483871,-0.0010620022892219305,2
CAD,2030-06-30,1.0,23.441118423123047,0.7270187893581846,-1.0841120694257452e-10,20.40584432496795,4.0,0.20263729279324139,0.9666666666666667,-0.005822031691538476,2
CHF,2030-06-30,1.0,23.441118423123047,0.7270187893581846,-1.0841120694257452e-10,20.40584432496795,4.0,1.2454159654583514,1.0,-0.0028307697692661836,7
CNY,2030-06-30,1.0,23.441118423123047,0.7270187893581846,-1.0841120694257452e-10,20.40584432496795,1.0,14.579921439716696,1.0,0.001101761436823212,2
EUR,2030-06-30,1.0,23.441118423123047,0.7270187893581846,-1.0841120694257452e-10,20.40584432496795,5.0,9.318624958980376,0.9786407766990292,-0.0039465327746739665,35
GBP,2030-06-30,1.0,23.441118423123047,0.7270187893581846,-1.0841120694257452e-10,20.40584432496795,4.0,3.725629465951672,1.0,-0.009480026943746823,4
JPY,2030-06-30,1.0,23.441118423123047,0.7270187893581846,-1.0841120694257452e-10,20.40584432496795,5.0,5.12564168771965,1.0,-0.012305198001912387,4
SGD,2030-06-30,1.0,23.441118423123047,0.7270187893581846,-1.0841120694257452e-10,20.40584432496795,4.0,0.1696914027499674,0.967741935483871,-0.004894686655439301,2
AUD,2030-07-31,1.0,23.408631693454332,0.7270187893581846,-7.281531703044205e-11,20.39539599145069,3.0,6.8980758922680945,0.967741935483871,-0.0010620022892219305,2
CAD,2030-07-31,1.0,23.408631693454332,0.7270187893581846,-7.281531703044205e-11,20.39539599145069,4.0,0.20263729279324139,0.9666666666666667,-0.005822031691538476,2
CHF,2030-07-31,1.0,23.408631693454332,0.7270187893581846,-7.281531703044205e-11,20.39539599145069,4.0,1.2454159654583514,1.0,-0.0028307697692661836,6
CNY,2030-07-31,1.0,23.408631693454332,0.7270187893581846,-7.281531703044205e-11,20.39539599145069,1.0,14.579921439716696,1.0,0.001101761436823212,2
EUR,2030-07-31,1.0,23.408631693454332,0.7270187893581846,-7.281531703044205e-11,20.39539599145069,5.0,9.318624958980376,0.9786407766990292,-0.0039465327746739665,35
GBP,2030-07-31,1.0,23.408631693454332,0.7270187893581846,-7.281531703044205e-11,20.39539599145069,4.0,3.725629465951672,1.0,-0.009480026943746823,4
JPY,2030-07-31,1.0,23.408631693454332,0.7270187893581846,-7.281531703044205e-11,20.39539599145069,5.0,5.12564168771965,1.0,-0.012305198001912387,4
SGD,2030-07-31,1.0,23.408631693454332,0.7270187893581846,-7.281531703044205e-11,20.39539599145069,4.0,0.1696914027499674,0.967741935483871,-0.004894686655439301,2
AUD,2030-08-31,1.0,23.37614496378562,0.7270187893581846,-4.890702021959982e-11,20.384947657730187,3.0,6.8980758922680945,0.967741935483871,-0.0010620022892219305,2
CAD,2030-08-31,1.0,23.37614496378562,0.7270187893581846,-4.890702021959982e-11,20.384947657730187,4.0,0.20263729279324139,0.9666666666666667,-0.005822031691538476,2
CHF,2030-08-31,1.0,23.37614496378562,0.7270187893581846,-4.890702021959982e-11,20.384947657730187,4.0,1.2454159654583514,1.0,-0.0028307697692661836,6
CNY,2030-08-31,1.0,23.37614496378562,0.7270187893581846,-4.890702021959982e-11,20.384947657730187,1.0,14.579921439716696,1.0,0.001101761436823212,2
EUR,2030-08-31,1.0,23.37614496378562,0.7270187893581846,-4.890702021959982e-11,20.384947657730187,5.0,9.318624958980376,0.9786407766990292,-0.0039465327746739665,35
GBP,2030-08-31,1.0,23.37614496378562,0.7270187893581846,-4.890702021959982e-11,20.384947657730187,4.0,3.725629465951672,1.0,-0.009480026943746823,4
JPY,2030-08-31,1.0,23.37614496378562,0.7270187893581846,-4.890702021959982e-11,20.384947657730187,5.0,5.12564168771965,1.0,-0.012305198001912387,4
SGD,2030-08-31,1.0,23.37614496378562,0.7270187893581846,-4.890702021959982e-11,20.384947657730187,4.0,0.1696914027499674,0.967741935483871,-0.004894686655439301,2
AUD,2030-09-30,1.0,23.343658234116905,0.7270187893581846,-3.2848799514728426e-11,20.37449932386741,3.0,6.8980758922680945,0.967741935483871,-0.0010620022892219305,2
CAD,2030-09-30,1.0,23.343658234116905,0.7270187893581846,-3.2848799514728426e-11,20.37449932386741,4.0,0.20263729279324139,0.9666666666666667,-0.005822031691538476,2
CHF,2030-09-30,1.0,23.343658234116905,0.7270187893581846,-3.2848799514728426e-11,20.37449932386741,4.0,1.2454159654583514,1.0,-0.0028307697692661836,6
CNY,2030-09-30,1.0,23.343658234116905,0.7270187893581846,-3.2848799514728426e-11,20.37449932386741,1.0,14.579921439716696,1.0,0.001101761436823212,2
EUR,2030-09-30,1.0,23.343658234116905,0.7270187893581846,-3.2848799514728426e-11,20.37449932386741,5.0,9.318624958980376,0.9786407766990292,-0.0039465327746739665,35
GBP,2030-09-30,1.0,23.343658234116905,0.7270187893581846,-3.2848799514728426e-11,20.37449932386741,4.0,3.725629465951672,1.0,-0.009480026943746823,4
JPY,2030-09-30,1.0,23.343658234116905,0.7270187893581846,-3.2848799514728426e-11,20.37449932386741,5.0,5.12564168771965,1.0,-0.012305198001912387,4
SGD,2030-09-30,1.0,23.343658234116905,0.7270187893581846,-3.2848799514728426e-11,20.37449932386741,4.0,0.1696914027499674,0.967741935483871,-0.004894686655439301,2
AUD,2030-10-31,1.0,23.311171504448193,0.7270187893581846,-2.2063152412948262e-11,20.364050989905067,3.0,6.8980758922680945,0.967741935483871,-0.0010620022892219305,2
CAD,2030-10-31,1.0,23.311171504448193,0.7270187893581846,-2.2063152412948262e-11,20.364050989905067,4.0,0.20263729279324139,0.9666666666666667,-0.005822031691538476,2
CHF,2030-10-31,1.0,23.311171504448193,0.7270187893581846,-2.2063152412948262e-11,20.364050989905067,4.0,1.2454159654583514,1.0,-0.0028307697692661836,6
CNY,2030-10-31,1.0,23.311171504448193,0.7270187893581846,-2.2063152412948262e-11,20.364050989905067,1.0,14.579921439716696,1.0,0.001101761436823212,2
EUR,2030-10-31,1.0,23.311171504448193,0.7270187893581846,-2.2063152412948262e-11,20.364050989905067,5.0,9.318624958980376,0.9786407766990292,-0.0039465327746739665,35
GBP,2030-10-31,1.0,23.311171504448193,0.7270187893581846,-2.2063152412948262e-11,20.364050989905067,4.0,3.725629465951672,1.0,-0.009480026943746823,4
JPY,2030-10-31,1.0,23.311171504448193,0.7270187893581846,-2.2063152412948262e-11,20.364050989905067,5.0,5.12564168771965,1.0,-0.012305198001912387,4
SGD,2030-10-31,1.0,23.311171504448193,0.7270187893581846,-2.2063152412948262e-11,20.364050989905067,4.0,0.1696914027499674,0.967741935483871,-0.004894686655439301,2
AUD,2030-11-30,1.0,23.278684774779478,0.7270187893581846,-1.48188763787517e-11,20.353602655873054,3.0,6.8980758922680945,0.967741935483871,-0.0010620022892219305,2
CAD,2030-11-30,1.0,23.278684774779478,0.7270187893581846,-1.48188763787517e-11,20.353602655873054,4.0,0.20263729279324139,0.9666666666666667,-0.005822031691538476,2
CHF,2030-11-30,1.0,23.278684774779478,0.7270187893581846,-1.48188763787517e-11,20.353602655873054,4.0,1.2454159654583514,1.0,-0.0028307697692661836,6
CNY,2030-11-30,1.0,23.278684774779478,0.7270187893581846,-1.48188763787517e-11,20.353602655873054,1.0,14.579921439716696,1.0,0.001101761436823212,2
EUR,2030-11-30,1.0,23.278684774779478,0.7270187893581846,-1.48188763787517e-11,20.353602655873054,5.0,9.318624958980376,0.9786407766990292,-0.0039465327746739665,35
GBP,2030-11-30,1.0,23.278684774779478,0.7270187893581846,-1.48188763787517e-11,20.353602655873054,4.0,3.725629465951672,1.0,-0.009480026943746823,4
JPY,2030-11-30,1.0,23.278684774779478,0.7270187893581846,-1.48188763787517e-11,20.353602655873054,5.0,5.12564168771965,1.0,-0.012305198001912387,4
SGD,2030-11-30,1.0,23.278684774779478,0.7270187893581846,-1.48188763787517e-11,20.353602655873054,4.0,0.1696914027499674,0.967741935483871,-0.004894686655439301,2
